0	0	0	0	0	0
256	0	0	262	1	0
512	0	0	518	2	0
768	0	0	768	2	0
1024	0	0	1017	2	0
1280	0	0	1281	3	0
1536	0	0	1517	3	0
1792	0	0	1767	4	0
2048	0	0	2017	4	0
2303	0	0	2277	5	0
2559	0	0	2531	5	0
2815	0	0	2781	6	0
3071	0	0	3030	6	0
3327	0	0	3263	6	0
3583	0	0	3530	7	0
3839	0	0	3780	7	0
4095	0	0	4042	8	0
0	256	0	0	246	0
256	256	0	260	248	0
512	256	0	516	250	0
768	256	0	767	250	0
1024	256	0	1017	251	0
1280	256	0	1282	251	0
1536	256	0	1517	251	0
1792	256	0	1768	251	0
2048	256	0	2017	252	0
2303	256	0	2280	253	0
2559	256	0	2534	253	0
2815	256	0	2784	253	0
3071	256	0	3031	252	0
3327	256	0	3265	254	0
3583	256	0	3532	254	0
3839	256	0	3782	253	0
4095	256	0	4042	254	0
0	512	0	0	490	0
256	512	0	259	495	0
512	512	0	514	496	0
768	512	0	764	496	0
1024	512	0	1014	496	0
1280	512	0	1280	497	0
1536	512	0	1513	496	0
1792	512	0	1765	496	0
2048	512	0	2013	498	0
2303	512	0	2275	498	0
2559	512	0	2525	497	0
2815	512	0	2781	498	0
3071	512	0	3030	498	0
3327	512	0	3257	498	0
3583	512	0	3522	497	0
3839	512	0	3782	499	0
4095	512	0	4032	499	0
0	768	0	0	724	0
256	768	0	258	730	0
512	768	0	513	731	0
768	768	0	763	730	0
1024	768	0	1012	731	0
1280	768	0	1280	732	0
1536	768	0	1511	730	0
1792	768	0	1764	731	0
2048	768	0	2011	733	0
2303	768	0	2278	735	0
2559	768	0	2527	733	0
2815	768	0	2780	732	0
3071	768	0	3029	732	0
3327	768	0	3255	731	0
3583	768	0	3528	734	0
3839	768	0	3780	733	0
4095	768	0	4029	732	0
0	1024	0	0	956	0
256	1024	0	257	963	0
512	1024	0	512	964	0
768	1024	0	762	965	0
1024	1024	0	1011	965	0
1280	1024	0	1277	965	0
1536	1024	0	1510	965	0
1792	1024	0	1760	963	0
2048	1024	0	2005	965	0
2303	1024	0	2273	969	0
2559	1024	0	2522	966	0
2815	1024	0	2774	964	0
3071	1024	0	3023	964	0
3327	1024	0	3254	966	0
3583	1024	0	3520	965	0
3839	1024	0	3772	965	0
4095	1024	0	4030	967	0
0	1280	0	0	1199	0
256	1280	0	256	1207	0
512	1280	0	510	1209	0
768	1280	0	760	1210	0
1024	1280	0	1008	1210	0
1280	1280	0	1273	1210	0
1536	1280	0	1507	1211	0
1792	1280	0	1757	1209	0
2048	1280	0	2002	1210	0
2303	1280	0	2269	1214	0
2559	1280	0	2518	1211	0
2815	1280	0	2771	1209	0
3071	1280	0	3019	1209	0
3327	1280	0	3246	1208	0
3583	1280	0	3516	1211	0
3839	1280	0	3769	1210	0
4095	1280	0	4026	1212	0
0	1536	0	0	1424	0
256	1536	0	256	1434	0
512	1536	0	509	1436	0
768	1536	0	759	1438	0
1024	1536	0	1007	1435	0
1280	1536	0	1272	1436	0
1536	1536	0	1506	1438	0
1792	1536	0	1755	1435	0
2048	1536	0	2001	1437	0
2303	1536	0	2267	1441	0
2559	1536	0	2517	1438	0
2815	1536	0	2770	1436	0
3071	1536	0	3018	1435	0
3327	1536	0	3242	1434	0
3583	1536	0	3514	1437	0
3839	1536	0	3768	1436	0
4095	1536	0	4024	1439	0
0	1792	0	0	1651	0
256	1792	0	256	1659	0
512	1792	0	508	1662	0
768	1792	0	758	1664	0
1024	1792	0	1007	1664	0
1280	1792	0	1271	1662	0
1536	1792	0	1506	1666	0
1792	1792	0	1754	1661	0
2048	1792	0	2000	1663	0
2303	1792	0	2265	1667	0
2559	1792	0	2515	1664	0
2815	1792	0	2768	1662	0
3071	1792	0	3015	1661	0
3327	1792	0	3245	1663	0
3583	1792	0	3514	1663	0
3839	1792	0	3772	1665	0
4095	1792	0	4024	1665	0
0	2048	0	0	1883	0
256	2048	0	255	1891	0
512	2048	0	507	1893	0
768	2048	0	758	1896	0
1024	2048	0	1008	1898	0
1280	2048	0	1270	1894	0
1536	2048	0	1505	1898	0
1792	2048	0	1753	1894	0
2048	2048	0	1999	1896	0
2303	2048	0	2264	1900	0
2559	2048	0	2514	1896	0
2815	2048	0	2767	1894	0
3071	2048	0	3015	1894	0
3327	2048	0	3244	1895	0
3583	2048	0	3512	1894	0
3839	2048	0	3770	1895	0
4095	2048	0	4023	1896	0
0	2303	0	0	2128	0
256	2303	0	254	2141	0
512	2303	0	506	2143	0
768	2303	0	756	2146	0
1024	2303	0	1005	2146	0
1280	2303	0	1270	2146	0
1536	2303	0	1503	2148	0
1792	2303	0	1752	2145	0
2048	2303	0	1999	2147	0
2303	2303	0	2263	2152	0
2559	2303	0	2513	2147	0
2815	2303	0	2766	2146	0
3071	2303	0	3013	2144	0
3327	2303	0	3239	2142	0
3583	2303	0	3512	2145	0
3839	2303	0	3767	2144	0
4095	2303	0	4022	2147	0
0	2559	0	0	2365	0
256	2559	0	254	2383	0
512	2559	0	505	2384	0
768	2559	0	755	2388	0
1024	2559	0	1002	2384	0
1280	2559	0	1268	2387	0
1536	2559	0	1502	2390	0
1792	2559	0	1751	2386	0
2048	2559	0	1997	2387	0
2303	2559	0	2261	2393	0
2559	2559	0	2514	2390	0
2815	2559	0	2766	2388	0
3071	2559	0	3010	2384	0
3327	2559	0	3237	2382	0
3583	2559	0	3513	2387	0
3839	2559	0	3769	2387	0
4095	2559	0	4023	2389	0
0	2815	0	0	2594	0
256	2815	0	253	2613	0
512	2815	0	505	2614	0
768	2815	0	755	2618	0
1024	2815	0	1003	2617	0
1280	2815	0	1267	2616	0
1536	2815	0	1501	2620	0
1792	2815	0	1749	2615	0
2048	2815	0	1996	2617	0
2303	2815	0	2259	2622	0
2559	2815	0	2513	2619	0
2815	2815	0	2765	2617	0
3071	2815	0	3009	2613	0
3327	2815	0	3241	2615	0
3583	2815	0	3512	2617	0
3839	2815	0	3768	2617	0
4095	2815	0	4023	2619	0
0	3071	0	0	2825	0
256	3071	0	253	2841	0
512	3071	0	504	2842	0
768	3071	0	754	2845	0
1024	3071	0	1003	2849	0
1280	3071	0	1267	2848	0
1536	3071	0	1499	2848	0
1792	3071	0	1750	2846	0
2048	3071	0	1996	2847	0
2303	3071	0	2257	2851	0
2559	3071	0	2512	2848	0
2815	3071	0	2762	2844	0
3071	3071	0	3007	2840	0
3327	3071	0	3244	2846	0
3583	3071	0	3511	2844	0
3839	3071	0	3769	2847	0
4095	3071	0	4023	2849	0
0	3327	0	0	3056	0
256	3327	0	252	3071	0
512	3327	0	504	3073	0
768	3327	0	752	3072	0
1024	3327	0	1002	3076	0
1280	3327	0	1267	3079	0
1536	3327	0	1497	3075	0
1792	3327	0	1751	3079	0
2048	3327	0	1998	3079	0
2303	3327	0	2258	3081	0
2559	3327	0	2513	3079	0
2815	3327	0	2763	3075	0
3071	3327	0	3009	3070	0
3327	3327	0	3243	3074	0
3583	3327	0	3509	3072	0
3839	3327	0	3772	3079	0
4095	3327	0	4023	3077	0
0	3583	0	0	3288	0
256	3583	0	252	3310	0
512	3583	0	505	3311	0
768	3583	0	752	3309	0
1024	3583	0	1002	3312	0
1280	3583	0	1266	3312	0
1536	3583	0	1497	3311	0
1792	3583	0	1750	3313	0
2048	3583	0	1999	3317	0
2303	3583	0	2260	3320	0
2559	3583	0	2514	3316	0
2815	3583	0	2766	3314	0
3071	3583	0	3012	3310	0
3327	3583	0	3245	3312	0
3583	3583	0	3511	3309	0
3839	3583	0	3771	3314	0
4095	3583	0	4023	3313	0
0	3839	0	0	3521	0
256	3839	0	252	3540	0
512	3839	0	504	3543	0
768	3839	0	753	3545	0
1024	3839	0	1003	3550	0
1280	3839	0	1266	3547	0
1536	3839	0	1499	3548	0
1792	3839	0	1749	3546	0
2048	3839	0	1997	3548	0
2303	3839	0	2260	3552	0
2559	3839	0	2512	3549	0
2815	3839	0	2763	3545	0
3071	3839	0	3014	3545	0
3327	3839	0	3247	3549	0
3583	3839	0	3514	3548	0
3839	3839	0	3773	3550	0
4095	3839	0	4026	3551	0
0	4095	0	0	3751	0
256	4095	0	251	3768	0
512	4095	0	503	3772	0
768	4095	0	751	3771	0
1024	4095	0	1001	3775	0
1280	4095	0	1267	3779	0
1536	4095	0	1498	3774	0
1792	4095	0	1750	3778	0
2048	4095	0	1996	3776	0
2303	4095	0	2259	3779	0
2559	4095	0	2512	3777	0
2815	4095	0	2760	3772	0
3071	4095	0	3015	3777	0
3327	4095	0	3244	3776	0
3583	4095	0	3513	3777	0
3839	4095	0	3776	3785	0
4095	4095	0	4023	3778	0
0	0	256	0	0	247
256	0	256	260	1	244
512	0	256	514	2	244
768	0	256	761	2	243
1024	0	256	1011	2	243
1280	0	256	1276	3	243
1536	0	256	1509	3	243
1792	0	256	1760	4	243
2048	0	256	2008	4	243
2303	0	256	2268	5	243
2559	0	256	2519	5	242
2815	0	256	2774	6	242
3071	0	256	3021	6	242
3327	0	256	3248	7	242
3583	0	256	3514	7	241
3839	0	256	3772	7	242
4095	0	256	4020	8	241
0	256	256	0	249	247
256	256	256	259	250	244
512	256	256	513	252	244
768	256	256	762	252	243
1024	256	256	1011	253	243
1280	256	256	1277	253	243
1536	256	256	1510	254	243
1792	256	256	1762	254	243
2048	256	256	2010	255	243
2303	256	256	2274	256	243
2559	256	256	2525	256	242
2815	256	256	2777	256	242
3071	256	256	3024	256	242
3327	256	256	3252	256	242
3583	256	256	3517	256	241
3839	256	256	3776	256	242
4095	256	256	4025	256	241
0	512	256	0	495	247
256	512	256	257	498	244
512	512	256	511	499	244
768	512	256	759	499	244
1024	512	256	1009	500	244
1280	512	256	1274	501	244
1536	512	256	1507	501	243
1792	512	256	1757	501	243
2048	512	256	2003	502	244
2303	512	256	2267	503	244
2559	512	256	2519	503	243
2815	512	256	2771	503	243
3071	512	256	3018	502	242
3327	512	256	3250	503	242
3583	512	256	3515	503	242
3839	512	256	3768	503	242
4095	512	256	4022	504	242
0	768	256	0	731	246
256	768	256	256	733	244
512	768	256	510	735	244
768	768	256	758	735	243
1024	768	256	1007	736	243
1280	768	256	1274	738	243
1536	768	256	1505	737	243
1792	768	256	1758	738	243
2048	768	256	2002	738	242
2303	768	256	2266	740	243
2559	768	256	2517	739	242
2815	768	256	2769	738	242
3071	768	256	3016	738	242
3327	768	256	3248	740	242
3583	768	256	3514	739	242
3839	768	256	3772	741	241
4095	768	256	4021	740	242
0	1024	256	0	965	246
256	1024	256	256	970	243
512	1024	256	509	971	243
768	1024	256	756	969	243
1024	1024	256	1004	971	243
1280	1024	256	1271	972	243
1536	1024	256	1501	971	243
1792	1024	256	1754	972	243
2048	1024	256	2000	974	242
2303	1024	256	2260	974	243
2559	1024	256	2511	973	242
2815	1024	256	2767	974	242
3071	1024	256	3014	973	241
3327	1024	256	3242	973	242
3583	1024	256	3507	973	241
3839	1024	256	3765	975	242
4095	1024	256	4015	974	241
0	1280	256	0	1211	246
256	1280	256	255	1214	243
512	1280	256	506	1216	243
768	1280	256	754	1216	242
1024	1280	256	1003	1218	242
1280	1280	256	1268	1220	242
1536	1280	256	1498	1217	242
1792	1280	256	1751	1219	242
2048	1280	256	1994	1219	242
2303	1280	256	2258	1222	242
2559	1280	256	2507	1219	241
2815	1280	256	2760	1218	241
3071	1280	256	3011	1221	241
3327	1280	256	3238	1220	241
3583	1280	256	3504	1219	240
3839	1280	256	3762	1222	241
4095	1280	256	4012	1221	240
0	1536	256	0	1438	245
256	1536	256	254	1440	242
512	1536	256	505	1443	242
768	1536	256	753	1444	242
1024	1536	256	1002	1446	242
1280	1536	256	1267	1448	242
1536	1536	256	1496	1446	241
1792	1536	256	1750	1449	242
2048	1536	256	1992	1446	241
2303	1536	256	2256	1450	242
2559	1536	256	2506	1448	241
2815	1536	256	2758	1447	240
3071	1536	256	3010	1450	241
3327	1536	256	3236	1448	240
3583	1536	256	3502	1448	240
3839	1536	256	3761	1450	241
4095	1536	256	4010	1450	240
0	1792	256	0	1665	245
256	1792	256	254	1670	241
512	1792	256	505	1671	241
768	1792	256	752	1670	241
1024	1792	256	1001	1672	241
1280	1792	256	1266	1675	242
1536	1792	256	1496	1673	241
1792	1792	256	1749	1676	241
2048	1792	256	1994	1677	241
2303	1792	256	2258	1681	241
2559	1792	256	2509	1679	241
2815	1792	256	2761	1678	240
3071	1792	256	3009	1678	241
3327	1792	256	3235	1676	240
3583	1792	256	3501	1675	240
3839	1792	256	3760	1678	240
4095	1792	256	4010	1677	240
0	2048	256	0	1897	245
256	2048	256	253	1905	242
512	2048	256	505	1906	242
768	2048	256	751	1903	241
1024	2048	256	1000	1906	241
1280	2048	256	1265	1908	241
1536	2048	256	1494	1906	241
1792	2048	256	1748	1909	241
2048	2048	256	1994	1912	241
2303	2048	256	2254	1912	242
2559	2048	256	2506	1910	241
2815	2048	256	2760	1911	241
3071	2048	256	3007	1910	240
3327	2048	256	3234	1909	240
3583	2048	256	3500	1907	239
3839	2048	256	3758	1910	240
4095	2048	256	4010	1910	239
0	2303	256	0	2148	244
256	2303	256	252	2154	242
512	2303	256	503	2155	242
768	2303	256	750	2154	241
1024	2303	256	999	2157	241
1280	2303	256	1264	2159	241
1536	2303	256	1493	2157	240
1792	2303	256	1746	2161	241
2048	2303	256	1990	2161	241
2303	2303	256	2251	2162	240
2559	2303	256	2503	2160	240
2815	2303	256	2755	2160	240
3071	2303	256	3005	2162	240
3327	2303	256	3234	2161	239
3583	2303	256	3498	2158	239
3839	2303	256	3757	2163	239
4095	2303	256	4009	2162	239
0	2559	256	0	2389	244
256	2559	256	251	2392	241
512	2559	256	502	2394	241
768	2559	256	750	2396	240
1024	2559	256	998	2399	241
1280	2559	256	1263	2402	241
1536	2559	256	1492	2399	240
1792	2559	256	1745	2403	240
2048	2559	256	1988	2401	240
2303	2559	256	2250	2405	240
2559	2559	256	2502	2403	240
2815	2559	256	2752	2400	239
3071	2559	256	3001	2401	240
3327	2559	256	3232	2404	239
3583	2559	256	3498	2401	239
3839	2559	256	3757	2406	239
4095	2559	256	4007	2403	239
0	2815	256	0	2619	244
256	2815	256	251	2626	240
512	2815	256	502	2628	240
768	2815	256	749	2627	240
1024	2815	256	997	2630	240
1280	2815	256	1262	2633	240
1536	2815	256	1492	2631	240
1792	2815	256	1744	2634	240
2048	2815	256	1989	2635	239
2303	2815	256	2249	2636	240
2559	2815	256	2501	2634	239
2815	2815	256	2754	2634	239
3071	2815	256	3001	2632	238
3327	2815	256	3231	2634	239
3583	2815	256	3498	2632	238
3839	2815	256	3755	2636	239
4095	2815	256	4005	2634	238
0	3071	256	0	2847	243
256	3071	256	251	2859	241
512	3071	256	502	2861	241
768	3071	256	748	2857	240
1024	3071	256	996	2860	240
1280	3071	256	1261	2862	240
1536	3071	256	1491	2861	240
1792	3071	256	1743	2863	240
2048	3071	256	1990	2867	240
2303	3071	256	2250	2869	239
2559	3071	256	2502	2866	239
2815	3071	256	2756	2867	239
3071	3071	256	3003	2866	239
3327	3071	256	3229	2863	239
3583	3071	256	3498	2864	238
3839	3071	256	3753	2865	239
4095	3071	256	4004	2863	238
0	3327	256	0	3074	243
256	3327	256	251	3086	241
512	3327	256	501	3088	241
768	3327	256	748	3087	240
1024	3327	256	996	3091	240
1280	3327	256	1259	3090	240
1536	3327	256	1490	3091	239
1792	3327	256	1742	3092	239
2048	3327	256	1989	3096	240
2303	3327	256	2252	3102	240
2559	3327	256	2504	3099	240
2815	3327	256	2754	3096	239
3071	3327	256	3000	3093	239
3327	3327	256	3230	3094	238
3583	3327	256	3500	3096	239
3839	3327	256	3752	3093	238
4095	3327	256	4006	3095	238
0	3583	256	0	3310	243
256	3583	256	250	3323	241
512	3583	256	501	3325	240
768	3583	256	748	3325	240
1024	3583	256	997	3328	240
1280	3583	256	1260	3327	240
1536	3583	256	1492	3329	240
1792	3583	256	1742	3329	239
2048	3583	256	1990	3333	240
2303	3583	256	2251	3336	240
2559	3583	256	2502	3333	239
2815	3583	256	2755	3333	239
3071	3583	256	3000	3328	238
3327	3583	256	3233	3333	239
3583	3583	256	3499	3331	238
3839	3583	256	3753	3331	238
4095	3583	256	4010	3335	239
0	3839	256	0	3547	244
256	3839	256	250	3559	241
512	3839	256	501	3562	241
768	3839	256	748	3560	240
1024	3839	256	996	3561	240
1280	3839	256	1261	3566	240
1536	3839	256	1492	3565	240
1792	3839	256	1744	3569	240
2048	3839	256	1991	3572	240
2303	3839	256	2251	3572	240
2559	3839	256	2503	3570	239
2815	3839	256	2757	3572	239
3071	3839	256	3004	3569	239
3327	3839	256	3231	3567	239
3583	3839	256	3501	3569	239
3839	3839	256	3757	3571	239
4095	3839	256	4010	3571	238
0	4095	256	0	3775	243
256	4095	256	249	3785	241
512	4095	256	500	3789	240
768	4095	256	748	3791	240
1024	4095	256	995	3790	240
1280	4095	256	1260	3795	240
1536	4095	256	1492	3796	240
1792	4095	256	1743	3797	240
2048	4095	256	1989	3800	240
2303	4095	256	2252	3804	240
2559	4095	256	2503	3801	240
2815	4095	256	2754	3799	239
3071	4095	256	3002	3797	239
3327	4095	256	3230	3797	238
3583	4095	256	3501	3800	239
3839	4095	256	3756	3801	238
4095	4095	256	4010	3803	239
0	0	512	0	0	486
256	0	512	260	1	481
512	0	512	515	2	481
768	0	512	763	2	480
1024	0	512	1011	2	479
1280	0	512	1277	3	480
1536	0	512	1508	3	478
1792	0	512	1762	4	479
2048	0	512	2007	4	478
2303	0	512	2268	5	478
2559	0	512	2520	5	478
2815	0	512	2772	6	477
3071	0	512	3024	6	478
3327	0	512	3251	7	477
3583	0	512	3516	7	476
3839	0	512	3776	7	477
4095	0	512	4024	8	476
0	256	512	0	250	486
256	256	512	259	252	481
512	256	512	514	253	481
768	256	512	763	253	480
1024	256	512	1012	254	480
1280	256	512	1279	255	480
1536	256	512	1510	255	479
1792	256	512	1764	255	479
2048	256	512	2012	256	479
2303	256	512	2273	256	479
2559	256	512	2525	256	478
2815	256	512	2780	256	477
3071	256	512	3028	256	478
3327	256	512	3256	256	477
3583	256	512	3520	256	476
3839	256	512	3779	257	477
4095	256	512	4028	257	476
0	512	512	0	497	486
256	512	512	258	500	482
512	512	512	511	501	482
768	512	512	761	502	481
1024	512	512	1009	502	480
1280	512	512	1275	502	481
1536	512	512	1508	503	480
1792	512	512	1758	503	480
2048	512	512	2005	504	480
2303	512	512	2269	506	480
2559	512	512	2521	505	479
2815	512	512	2773	504	479
3071	512	512	3020	504	478
3327	512	512	3248	505	478
3583	512	512	3519	506	477
3839	512	512	3772	506	478
4095	512	512	4029	507	477
0	768	512	0	734	485
256	768	512	257	737	481
512	768	512	511	738	480
768	768	512	760	739	480
1024	768	512	1010	740	479
1280	768	512	1274	739	479
1536	768	512	1507	740	479
1792	768	512	1758	740	478
2048	768	512	2004	741	478
2303	768	512	2268	743	479
2559	768	512	2519	742	478
2815	768	512	2771	741	477
3071	768	512	3018	741	477
3327	768	512	3251	743	476
3583	768	512	3517	742	477
3839	768	512	3771	742	476
4095	768	512	4026	743	477
0	1024	512	0	968	485
256	1024	512	256	972	480
512	1024	512	510	975	480
768	1024	512	757	973	479
1024	1024	512	1006	975	480
1280	1024	512	1272	976	479
1536	1024	512	1502	974	478
1792	1024	512	1755	976	478
2048	1024	512	1999	975	478
2303	1024	512	2263	978	478
2559	1024	512	2513	976	477
2815	1024	512	2765	976	477
3071	1024	512	3017	977	476
3327	1024	512	3244	977	477
3583	1024	512	3510	976	476
3839	1024	512	3769	979	476
4095	1024	512	4019	978	476
0	1280	512	0	1215	483
256	1280	512	255	1218	478
512	1280	512	507	1221	479
768	1280	512	756	1221	477
1024	1280	512	1005	1223	478
1280	1280	512	1268	1221	478
1536	1280	512	1500	1222	476
1792	1280	512	1750	1221	477
2048	1280	512	1995	1222	476
2303	1280	512	2259	1225	477
2559	1280	512	2510	1223	476
2815	1280	512	2762	1223	475
3071	1280	512	3010	1223	476
3327	1280	512	3242	1225	475
3583	1280	512	3507	1224	474
3839	1280	512	3766	1226	475
4095	1280	512	4015	1225	475
0	1536	512	0	1444	483
256	1536	512	254	1446	478
512	1536	512	506	1448	477
768	1536	512	755	1450	477
1024	1536	512	1004	1451	477
1280	1536	512	1267	1450	476
1536	1536	512	1499	1450	476
1792	1536	512	1748	1450	475
2048	1536	512	1994	1450	475
2303	1536	512	2258	1453	476
2559	1536	512	2509	1452	475
2815	1536	512	2760	1450	475
3071	1536	512	3008	1450	474
3327	1536	512	3240	1453	475
3583	1536	512	3506	1452	474
3839	1536	512	3765	1455	475
4095	1536	512	4014	1454	474
0	1792	512	0	1670	482
256	1792	512	255	1678	477
512	1792	512	507	1680	477
768	1792	512	754	1677	477
1024	1792	512	1003	1679	477
1280	1792	512	1267	1681	476
1536	1792	512	1497	1679	476
1792	1792	512	1750	1681	475
2048	1792	512	1997	1683	475
2303	1792	512	2257	1684	476
2559	1792	512	2509	1683	475
2815	1792	512	2763	1683	474
3071	1792	512	3010	1682	474
3327	1792	512	3237	1682	474
3583	1792	512	3504	1680	474
3839	1792	512	3764	1684	474
4095	1792	512	4012	1682	474
0	2048	512	0	1903	481
256	2048	512	254	1910	478
512	2048	512	506	1915	478
768	2048	512	753	1911	476
1024	2048	512	1002	1914	476
1280	2048	512	1267	1916	476
1536	2048	512	1497	1913	475
1792	2048	512	1750	1916	476
2048	2048	512	1994	1916	476
2303	2048	512	2255	1917	476
2559	2048	512	2508	1916	475
2815	2048	512	2760	1915	475
3071	2048	512	3010	1917	475
3327	2048	512	3236	1915	474
3583	2048	512	3502	1913	473
3839	2048	512	3762	1917	474
4095	2048	512	4011	1915	473
0	2303	512	0	2155	481
256	2303	512	252	2159	476
512	2303	512	504	2164	477
768	2303	512	752	2163	476
1024	2303	512	1000	2166	476
1280	2303	512	1264	2164	476
1536	2303	512	1495	2165	475
1792	2303	512	1749	2169	475
2048	2303	512	1991	2166	474
2303	2303	512	2253	2169	475
2559	2303	512	2506	2169	475
2815	2303	512	2756	2165	474
3071	2303	512	3005	2166	474
3327	2303	512	3235	2167	473
3583	2303	512	3501	2165	473
3839	2303	512	3760	2169	473
4095	2303	512	4010	2168	473
0	2559	512	0	2397	481
256	2559	512	252	2401	476
512	2559	512	503	2403	476
768	2559	512	751	2405	475
1024	2559	512	1000	2408	476
1280	2559	512	1262	2405	474
1536	2559	512	1494	2407	475
1792	2559	512	1746	2409	475
2048	2559	512	1990	2409	474
2303	2559	512	2252	2412	475
2559	2559	512	2505	2411	474
2815	2559	512	2755	2408	473
3071	2559	512	3001	2406	472
3327	2559	512	3234	2411	473
3583	2559	512	3500	2408	472
3839	2559	512	3756	2410	473
4095	2559	512	4009	2411	472
0	2815	512	0	2628	481
256	2815	512	252	2633	476
512	2815	512	502	2634	475
768	2815	512	750	2636	475
1024	2815	512	999	2639	475
1280	2815	512	1262	2639	474
1536	2815	512	1493	2638	474
1792	2815	512	1744	2639	473
2048	2815	512	1989	2640	474
2303	2815	512	2251	2644	474
2559	2815	512	2502	2641	473
2815	2815	512	2753	2639	472
3071	2815	512	3002	2640	472
3327	2815	512	3233	2641	472
3583	2815	512	3498	2639	472
3839	2815	512	3756	2642	471
4095	2815	512	4008	2642	472
0	3071	512	0	2857	481
256	3071	512	251	2865	475
512	3071	512	502	2867	475
768	3071	512	749	2866	475
1024	3071	512	997	2868	474
1280	3071	512	1262	2871	475
1536	3071	512	1492	2868	474
1792	3071	512	1745	2872	474
2048	3071	512	1990	2873	473
2303	3071	512	2250	2874	473
2559	3071	512	2501	2871	472
2815	3071	512	2755	2872	472
3071	3071	512	3005	2873	472
3327	3071	512	3232	2871	472
3583	3071	512	3498	2869	471
3839	3071	512	3757	2874	472
4095	3071	512	4007	2872	471
0	3327	512	0	3085	480
256	3327	512	251	3096	476
512	3327	512	502	3099	476
768	3327	512	749	3096	474
1024	3327	512	997	3098	474
1280	3327	512	1261	3100	474
1536	3327	512	1492	3099	473
1792	3327	512	1743	3101	473
2048	3327	512	1991	3106	474
2303	3327	512	2251	3107	473
2559	3327	512	2503	3104	473
2815	3327	512	2757	3105	473
3071	3327	512	3003	3102	472
3327	3327	512	3231	3100	471
3583	3327	512	3500	3102	471
3839	3327	512	3756	3103	471
4095	3327	512	4009	3104	471
0	3583	512	0	3321	480
256	3583	512	250	3331	476
512	3583	512	501	3333	475
768	3583	512	749	3336	475
1024	3583	512	997	3335	474
1280	3583	512	1261	3337	474
1536	3583	512	1493	3339	474
1792	3583	512	1744	3338	473
2048	3583	512	1991	3341	474
2303	3583	512	2253	3345	474
2559	3583	512	2504	3342	473
2815	3583	512	2755	3339	472
3071	3583	512	3003	3338	472
3327	3583	512	3232	3338	471
3583	3583	512	3502	3340	472
3839	3583	512	3757	3340	471
4095	3583	512	4012	3343	472
0	3839	512	0	3558	481
256	3839	512	250	3569	476
512	3839	512	501	3570	475
768	3839	512	749	3571	475
1024	3839	512	997	3573	475
1280	3839	512	1263	3577	475
1536	3839	512	1493	3574	474
1792	3839	512	1746	3578	474
2048	3839	512	1991	3579	474
2303	3839	512	2253	3583	474
2559	3839	512	2505	3579	473
2815	3839	512	2756	3577	472
3071	3839	512	3006	3579	473
3327	3839	512	3234	3577	472
3583	3839	512	3503	3578	472
3839	3839	512	3760	3580	472
4095	3839	512	4011	3579	472
0	4095	512	0	3784	480
256	4095	512	250	3800	476
512	4095	512	501	3802	475
768	4095	512	748	3801	474
1024	4095	512	996	3803	474
1280	4095	512	1261	3803	474
1536	4095	512	1492	3803	474
1792	4095	512	1743	3805	474
2048	4095	512	1991	3811	474
2303	4095	512	2255	3816	475
2559	4095	512	2506	3812	474
2815	4095	512	2756	3809	473
3071	4095	512	3004	3806	472
3327	4095	512	3233	3807	472
3583	4095	512	3504	3811	472
3839	4095	512	3757	3809	471
4095	4095	512	4010	3809	471
0	0	768	0	0	720
256	0	768	261	1	714
512	0	768	515	2	714
768	0	768	765	2	713
1024	0	768	1014	3	713
1280	0	768	1280	3	713
1536	0	768	1512	3	711
1792	0	768	1766	4	712
2048	0	768	2009	4	710
2303	0	768	2274	5	711
2559	0	768	2524	5	709
2815	0	768	2776	6	708
3071	0	768	3025	6	708
3327	0	768	3256	7	708
3583	0	768	3522	7	707
3839	0	768	3784	7	709
4095	0	768	4030	8	707
0	256	768	0	251	721
256	256	768	260	253	715
512	256	768	515	254	714
768	256	768	764	254	713
1024	256	768	1014	255	713
1280	256	768	1281	256	713
1536	256	768	1513	256	712
1792	256	768	1768	256	712
2048	256	768	2012	256	711
2303	256	768	2275	257	712
2559	256	768	2527	256	710
2815	256	768	2780	256	709
3071	256	768	3034	257	709
3327	256	768	3260	257	709
3583	256	768	3525	257	708
3839	256	768	3785	258	709
4095	256	768	4034	258	708
0	512	768	0	499	721
256	512	768	259	502	716
512	512	768	513	503	715
768	512	768	762	503	714
1024	512	768	1010	503	713
1280	512	768	1278	504	714
1536	512	768	1509	504	712
1792	512	768	1762	505	713
2048	512	768	2009	506	712
2303	512	768	2274	508	712
2559	512	768	2526	507	711
2815	512	768	2777	506	710
3071	512	768	3026	506	710
3327	512	768	3251	506	709
3583	512	768	3524	508	708
3839	512	768	3777	507	709
4095	512	768	4029	508	708
0	768	768	0	736	720
256	768	768	258	739	715
512	768	768	512	741	714
768	768	768	762	742	713
1024	768	768	1012	743	712
1280	768	768	1276	742	712
1536	768	768	1510	743	711
1792	768	768	1761	743	710
2048	768	768	2009	744	711
2303	768	768	2273	746	712
2559	768	768	2524	745	710
2815	768	768	2776	744	709
3071	768	768	3023	743	708
3327	768	768	3252	744	707
3583	768	768	3523	745	708
3839	768	768	3775	744	707
4095	768	768	4031	746	707
0	1024	768	0	972	719
256	1024	768	256	975	713
512	1024	768	511	977	712
768	1024	768	760	978	712
1024	1024	768	1009	979	712
1280	1024	768	1276	980	711
1536	1024	768	1506	978	711
1792	1024	768	1759	980	710
2048	1024	768	2002	979	710
2303	1024	768	2267	981	711
2559	1024	768	2517	980	709
2815	1024	768	2769	979	708
3071	1024	768	3018	979	707
3327	1024	768	3248	980	707
3583	1024	768	3515	979	707
3839	1024	768	3774	982	707
4095	1024	768	4024	981	707
0	1280	768	0	1216	717
256	1280	768	256	1222	711
512	1280	768	509	1224	711
768	1280	768	758	1226	710
1024	1280	768	1007	1227	710
1280	1280	768	1271	1226	710
1536	1280	768	1503	1226	708
1792	1280	768	1754	1225	708
2048	1280	768	2000	1226	707
2303	1280	768	2263	1229	708
2559	1280	768	2515	1228	707
2815	1280	768	2767	1227	706
3071	1280	768	3014	1226	705
3327	1280	768	3246	1229	705
3583	1280	768	3512	1227	705
3839	1280	768	3769	1228	706
4095	1280	768	4021	1229	705
0	1536	768	0	1445	715
256	1536	768	255	1451	710
512	1536	768	508	1453	709
768	1536	768	757	1455	709
1024	1536	768	1007	1457	709
1280	1536	768	1269	1453	707
1536	1536	768	1502	1455	708
1792	1536	768	1752	1453	706
2048	1536	768	1998	1455	707
2303	1536	768	2262	1458	707
2559	1536	768	2513	1457	706
2815	1536	768	2766	1456	705
3071	1536	768	3012	1454	704
3327	1536	768	3245	1458	705
3583	1536	768	3512	1457	704
3839	1536	768	3766	1457	704
4095	1536	768	4021	1458	704
0	1792	768	0	1675	715
256	1792	768	255	1681	709
512	1792	768	508	1686	709
768	1792	768	756	1683	708
1024	1792	768	1006	1686	709
1280	1792	768	1270	1686	707
1536	1792	768	1501	1685	707
1792	1792	768	1753	1686	706
2048	1792	768	1998	1686	706
2303	1792	768	2261	1689	707
2559	1792	768	2514	1688	706
2815	1792	768	2765	1686	705
3071	1792	768	3014	1687	704
3327	1792	768	3244	1687	705
3583	1792	768	3510	1686	704
3839	1792	768	3768	1689	704
4095	1792	768	4019	1688	704
0	2048	768	0	1909	715
256	2048	768	254	1915	709
512	2048	768	507	1919	710
768	2048	768	755	1918	708
1024	2048	768	1004	1920	708
1280	2048	768	1271	1923	708
1536	2048	768	1500	1920	706
1792	2048	768	1753	1922	707
2048	2048	768	1996	1919	705
2303	2048	768	2259	1923	706
2559	2048	768	2512	1921	705
2815	2048	768	2762	1919	704
3071	2048	768	3012	1919	704
3327	2048	768	3242	1920	704
3583	2048	768	3510	1920	703
3839	2048	768	3768	1923	704
4095	2048	768	4018	1921	703
0	2303	768	0	2162	715
256	2303	768	253	2167	708
512	2303	768	505	2169	708
768	2303	768	754	2171	708
1024	2303	768	1003	2172	707
1280	2303	768	1267	2172	707
1536	2303	768	1499	2172	706
1792	2303	768	1750	2172	706
2048	2303	768	1995	2172	705
2303	2303	768	2257	2175	705
2559	2303	768	2510	2174	705
2815	2303	768	2760	2170	703
3071	2303	768	3007	2169	703
3327	2303	768	3240	2173	703
3583	2303	768	3507	2171	703
3839	2303	768	3763	2173	703
4095	2303	768	4017	2174	703
0	2559	768	0	2401	714
256	2559	768	253	2410	708
512	2559	768	504	2411	707
768	2559	768	753	2413	707
1024	2559	768	1002	2416	707
1280	2559	768	1264	2412	705
1536	2559	768	1498	2415	705
1792	2559	768	1747	2413	704
2048	2559	768	1994	2416	705
2303	2559	768	2256	2419	705
2559	2559	768	2509	2417	704
2815	2559	768	2759	2414	703
3071	2559	768	3005	2412	702
3327	2559	768	3240	2417	703
3583	2559	768	3506	2415	702
3839	2559	768	3760	2415	702
4095	2559	768	4016	2418	702
0	2815	768	0	2632	712
256	2815	768	252	2641	707
512	2815	768	504	2643	706
768	2815	768	752	2645	706
1024	2815	768	1001	2647	706
1280	2815	768	1265	2646	705
1536	2815	768	1497	2646	705
1792	2815	768	1748	2646	704
2048	2815	768	1993	2646	704
2303	2815	768	2256	2650	705
2559	2815	768	2507	2648	704
2815	2815	768	2758	2645	702
3071	2815	768	3006	2645	701
3327	2815	768	3239	2648	703
3583	2815	768	3506	2646	702
3839	2815	768	3762	2648	702
4095	2815	768	4015	2649	702
0	3071	768	0	2864	713
256	3071	768	252	2875	707
512	3071	768	504	2877	707
768	3071	768	752	2876	706
1024	3071	768	1000	2878	706
1280	3071	768	1266	2881	706
1536	3071	768	1496	2877	704
1792	3071	768	1749	2881	705
2048	3071	768	1994	2881	704
2303	3071	768	2255	2882	704
2559	3071	768	2506	2879	703
2815	3071	768	2760	2880	703
3071	3071	768	3008	2879	702
3327	3071	768	3237	2879	702
3583	3071	768	3504	2877	701
3839	3071	768	3764	2883	703
4095	3071	768	4014	2880	701
0	3327	768	0	3092	712
256	3327	768	252	3108	708
512	3327	768	504	3110	708
768	3327	768	751	3105	705
1024	3327	768	999	3107	705
1280	3327	768	1265	3111	706
1536	3327	768	1496	3110	704
1792	3327	768	1748	3111	705
2048	3327	768	1996	3116	706
2303	3327	768	2256	3115	705
2559	3327	768	2507	3112	703
2815	3327	768	2762	3114	704
3071	3327	768	3009	3111	703
3327	3327	768	3236	3109	702
3583	3327	768	3505	3110	701
3839	3327	768	3763	3113	702
4095	3327	768	4015	3113	702
0	3583	768	0	3329	712
256	3583	768	251	3342	708
512	3583	768	503	3345	707
768	3583	768	750	3343	705
1024	3583	768	999	3345	706
1280	3583	768	1265	3349	706
1536	3583	768	1497	3350	706
1792	3583	768	1748	3349	705
2048	3583	768	1995	3351	705
2303	3583	768	2258	3355	706
2559	3583	768	2509	3352	705
2815	3583	768	2761	3349	703
3071	3583	768	3008	3346	702
3327	3583	768	3237	3347	702
3583	3583	768	3508	3350	703
3839	3583	768	3764	3351	702
4095	3583	768	4018	3352	703
0	3839	768	0	3569	714
256	3839	768	251	3580	708
512	3839	768	503	3583	707
768	3839	768	751	3582	706
1024	3839	768	1000	3586	707
1280	3839	768	1266	3589	707
1536	3839	768	1496	3585	706
1792	3839	768	1750	3589	706
2048	3839	768	1995	3588	705
2303	3839	768	2257	3591	705
2559	3839	768	2508	3587	704
2815	3839	768	2761	3587	704
3071	3839	768	3010	3586	703
3327	3839	768	3240	3587	703
3583	3839	768	3508	3587	702
3839	3839	768	3767	3591	703
4095	3839	768	4018	3590	702
0	4095	768	0	3794	713
256	4095	768	251	3812	708
512	4095	768	503	3815	707
768	4095	768	750	3811	706
1024	4095	768	999	3814	706
1280	4095	768	1264	3815	705
1536	4095	768	1495	3813	704
1792	4095	768	1747	3816	705
2048	4095	768	1996	3821	705
2303	4095	768	2257	3822	705
2559	4095	768	2508	3818	703
2815	4095	768	2762	3821	704
3071	4095	768	3010	3818	703
3327	4095	768	3237	3816	702
3583	4095	768	3507	3818	702
3839	4095	768	3764	3819	702
4095	4095	768	4017	3820	702
0	0	1024	0	0	951
256	0	1024	262	1	944
512	0	1024	517	2	943
768	0	1024	767	2	942
1024	0	1024	1017	3	942
1280	0	1024	1283	3	941
1536	0	1024	1516	4	940
1792	0	1024	1769	4	940
2048	0	1024	2014	4	939
2303	0	1024	2279	5	940
2559	0	1024	2530	5	938
2815	0	1024	2781	6	937
3071	0	1024	3029	6	936
3327	0	1024	3263	7	938
3583	0	1024	3529	7	936
3839	0	1024	3790	8	938
4095	0	1024	4037	8	936
0	256	1024	0	252	951
256	256	1024	261	254	945
512	256	1024	516	255	944
768	256	1024	767	256	943
1024	256	1024	1018	256	943
1280	256	1024	1285	256	942
1536	256	1024	1517	256	940
1792	256	1024	1773	257	941
2048	256	1024	2015	257	939
2303	256	1024	2280	258	941
2559	256	1024	2531	257	939
2815	256	1024	2784	257	938
3071	256	1024	3035	258	937
3327	256	1024	3266	258	938
3583	256	1024	3531	258	937
3839	256	1024	3791	259	938
4095	256	1024	4042	260	937
0	512	1024	0	500	951
256	512	1024	260	505	946
512	512	1024	515	505	945
768	512	1024	764	505	943
1024	512	1024	1014	506	943
1280	512	1024	1280	507	943
1536	512	1024	1513	506	941
1792	512	1024	1767	507	942
2048	512	1024	2014	508	940
2303	512	1024	2280	510	941
2559	512	1024	2531	509	940
2815	512	1024	2783	509	938
3071	512	1024	3032	509	938
3327	512	1024	3258	508	938
3583	512	1024	3531	510	938
3839	512	1024	3784	510	938
4095	512	1024	4034	509	937
0	768	1024	0	738	949
256	768	1024	259	743	945
512	768	1024	514	744	944
768	768	1024	765	745	942
1024	768	1024	1014	745	941
1280	768	1024	1280	745	941
1536	768	1024	1515	746	940
1792	768	1024	1765	745	939
2048	768	1024	2013	747	940
2303	768	1024	2278	749	941
2559	768	1024	2530	748	939
2815	768	1024	2783	747	938
3071	768	1024	3029	746	937
3327	768	1024	3256	746	936
3583	768	1024	3529	748	937
3839	768	1024	3782	747	936
4095	768	1024	4038	749	936
0	1024	1024	0	975	949
256	1024	1024	257	979	943
512	1024	1024	512	981	942
768	1024	1024	762	982	942
1024	1024	1024	1012	982	941
1280	1024	1024	1278	982	939
1536	1024	1024	1510	983	940
1792	1024	1024	1761	982	938
2048	1024	1024	2007	982	938
2303	1024	1024	2271	985	939
2559	1024	1024	2523	983	938
2815	1024	1024	2776	983	937
3071	1024	1024	3023	982	935
3327	1024	1024	3254	984	935
3583	1024	1024	3522	983	935
3839	1024	1024	3781	985	935
4095	1024	1024	4032	985	936
0	1280	1024	0	1221	947
256	1280	1024	256	1227	940
512	1280	1024	510	1228	939
768	1280	1024	761	1230	939
1024	1280	1024	1011	1232	939
1280	1280	1024	1274	1230	938
1536	1280	1024	1508	1232	938
1792	1280	1024	1758	1230	936
2048	1280	1024	2005	1231	936
2303	1280	1024	2268	1234	937
2559	1280	1024	2521	1233	936
2815	1280	1024	2773	1231	934
3071	1280	1024	3020	1231	933
3327	1280	1024	3250	1231	933
3583	1280	1024	3520	1232	933
3839	1280	1024	3774	1232	934
4095	1280	1024	4029	1234	933
0	1536	1024	0	1450	944
256	1536	1024	256	1457	939
512	1536	1024	510	1458	938
768	1536	1024	760	1461	938
1024	1536	1024	1011	1463	938
1280	1536	1024	1273	1459	937
1536	1536	1024	1507	1461	937
1792	1536	1024	1756	1459	935
2048	1536	1024	2003	1460	935
2303	1536	1024	2267	1464	937
2559	1536	1024	2519	1462	935
2815	1536	1024	2771	1460	933
3071	1536	1024	3018	1459	932
3327	1536	1024	3248	1460	932
3583	1536	1024	3521	1463	933
3839	1536	1024	3772	1461	931
4095	1536	1024	4029	1464	933
0	1792	1024	0	1680	945
256	1792	1024	256	1687	938
512	1792	1024	509	1689	938
768	1792	1024	759	1690	938
1024	1792	1024	1009	1693	938
1280	1792	1024	1275	1694	937
1536	1792	1024	1505	1691	936
1792	1792	1024	1758	1692	935
2048	1792	1024	2002	1691	935
2303	1792	1024	2266	1694	936
2559	1792	1024	2518	1692	934
2815	1792	1024	2770	1691	933
3071	1792	1024	3018	1690	931
3327	1792	1024	3249	1692	932
3583	1792	1024	3518	1692	932
3839	1792	1024	3775	1693	931
4095	1792	1024	4027	1693	932
0	2048	1024	0	1916	945
256	2048	1024	255	1921	938
512	2048	1024	508	1923	938
768	2048	1024	757	1925	937
1024	2048	1024	1008	1927	937
1280	2048	1024	1273	1928	937
1536	2048	1024	1504	1926	935
1792	2048	1024	1758	1928	936
2048	2048	1024	2001	1925	934
2303	2048	1024	2264	1929	935
2559	2048	1024	2516	1926	933
2815	2048	1024	2767	1924	932
3071	2048	1024	3015	1923	931
3327	2048	1024	3249	1926	932
3583	2048	1024	3516	1925	931
3839	2048	1024	3775	1929	932
4095	2048	1024	4025	1927	931
0	2303	1024	0	2166	944
256	2303	1024	254	2174	937
512	2303	1024	507	2175	936
768	2303	1024	756	2178	937
1024	2303	1024	1006	2180	936
1280	2303	1024	1270	2178	935
1536	2303	1024	1503	2179	934
1792	2303	1024	1754	2178	934
2048	2303	1024	1999	2178	933
2303	2303	1024	2262	2182	934
2559	2303	1024	2515	2179	932
2815	2303	1024	2766	2176	931
3071	2303	1024	3013	2175	930
3327	2303	1024	3245	2178	931
3583	2303	1024	3514	2178	930
3839	2303	1024	3769	2178	931
4095	2303	1024	4024	2180	930
0	2559	1024	0	2406	942
256	2559	1024	254	2418	937
512	2559	1024	506	2419	936
768	2559	1024	755	2421	936
1024	2559	1024	1004	2422	935
1280	2559	1024	1268	2421	933
1536	2559	1024	1502	2423	934
1792	2559	1024	1751	2419	932
2048	2559	1024	1999	2423	933
2303	2559	1024	2262	2426	934
2559	2559	1024	2514	2424	932
2815	2559	1024	2765	2421	930
3071	2559	1024	3012	2419	929
3327	2559	1024	3242	2420	929
3583	2559	1024	3513	2422	930
3839	2559	1024	3766	2421	928
4095	2559	1024	4023	2424	930
0	2815	1024	0	2639	941
256	2815	1024	254	2649	936
512	2815	1024	506	2652	935
768	2815	1024	755	2653	935
1024	2815	1024	1003	2654	934
1280	2815	1024	1268	2653	933
1536	2815	1024	1501	2655	933
1792	2815	1024	1751	2652	931
2048	2815	1024	1998	2654	932
2303	2815	1024	2261	2658	933
2559	2815	1024	2513	2655	931
2815	2815	1024	2764	2653	930
3071	2815	1024	3011	2650	928
3327	2815	1024	3243	2653	929
3583	2815	1024	3512	2653	929
3839	2815	1024	3767	2653	928
4095	2815	1024	4023	2656	929
0	3071	1024	0	2872	942
256	3071	1024	253	2882	936
512	3071	1024	505	2885	935
768	3071	1024	754	2885	935
1024	3071	1024	1003	2888	935
1280	3071	1024	1268	2889	934
1536	3071	1024	1500	2887	933
1792	3071	1024	1752	2888	932
2048	3071	1024	1997	2887	932
2303	3071	1024	2260	2890	932
2559	3071	1024	2512	2888	931
2815	3071	1024	2764	2886	930
3071	3071	1024	3013	2886	929
3327	3071	1024	3244	2887	929
3583	3071	1024	3510	2885	928
3839	3071	1024	3768	2888	929
4095	3071	1024	4022	2888	929
0	3327	1024	0	3101	941
256	3327	1024	253	3115	937
512	3327	1024	505	3118	936
768	3327	1024	753	3115	934
1024	3327	1024	1002	3118	934
1280	3327	1024	1268	3121	935
1536	3327	1024	1499	3118	933
1792	3327	1024	1753	3121	933
2048	3327	1024	1999	3122	933
2303	3327	1024	2261	3124	933
2559	3327	1024	2513	3121	932
2815	3327	1024	2765	3120	931
3071	3327	1024	3015	3120	931
3327	3327	1024	3243	3118	929
3583	3327	1024	3512	3119	929
3839	3327	1024	3770	3122	930
4095	3327	1024	4021	3120	929
0	3583	1024	0	3338	942
256	3583	1024	252	3353	937
512	3583	1024	505	3356	937
768	3583	1024	753	3353	935
1024	3583	1024	1002	3356	935
1280	3583	1024	1268	3357	934
1536	3583	1024	1500	3357	933
1792	3583	1024	1752	3358	933
2048	3583	1024	2000	3360	933
2303	3583	1024	2263	3364	934
2559	3583	1024	2515	3361	933
2815	3583	1024	2766	3358	931
3071	3583	1024	3014	3356	930
3327	3583	1024	3244	3357	930
3583	3583	1024	3516	3360	931
3839	3583	1024	3770	3359	930
4095	3583	1024	4023	3359	930
0	3839	1024	0	3578	943
256	3839	1024	252	3592	938
512	3839	1024	505	3594	937
768	3839	1024	754	3594	936
1024	3839	1024	1003	3597	936
1280	3839	1024	1268	3596	935
1536	3839	1024	1500	3596	934
1792	3839	1024	1753	3597	934
2048	3839	1024	2000	3598	934
2303	3839	1024	2262	3600	934
2559	3839	1024	2513	3597	932
2815	3839	1024	2767	3597	932
3071	3839	1024	3015	3595	931
3327	3839	1024	3247	3598	931
3583	3839	1024	3515	3596	930
3839	3839	1024	3772	3599	930
4095	3839	1024	4026	3600	930
0	4095	1024	0	3804	941
256	4095	1024	252	3824	937
512	4095	1024	505	3827	937
768	4095	1024	753	3823	935
1024	4095	1024	1002	3825	934
1280	4095	1024	1267	3827	934
1536	4095	1024	1498	3824	933
1792	4095	1024	1752	3827	933
2048	4095	1024	2000	3832	934
2303	4095	1024	2261	3831	933
2559	4095	1024	2512	3827	931
2815	4095	1024	2768	3831	932
3071	4095	1024	3017	3829	931
3327	4095	1024	3244	3827	929
3583	4095	1024	3513	3827	929
3839	4095	1024	3772	3831	930
4095	4095	1024	4024	3830	929
0	0	1280	0	0	1190
256	0	1280	263	1	1183
512	0	1280	519	2	1182
768	0	1280	768	2	1179
1024	0	1280	1019	3	1179
1280	0	1280	1285	3	1179
1536	0	1280	1517	4	1176
1792	0	1280	1772	4	1177
2048	0	1280	2018	5	1177
2303	0	1280	2281	5	1176
2559	0	1280	2536	5	1176
2815	0	1280	2788	6	1174
3071	0	1280	3035	6	1172
3327	0	1280	3266	7	1172
3583	0	1280	3531	7	1170
3839	0	1280	3791	8	1172
4095	0	1280	4041	8	1171
0	256	1280	0	253	1190
256	256	1280	262	255	1184
512	256	1280	518	256	1183
768	256	1280	768	256	1180
1024	256	1280	1019	256	1180
1280	256	1280	1286	257	1180
1536	256	1280	1519	256	1177
1792	256	1280	1774	258	1178
2048	256	1280	2021	258	1178
2303	256	1280	2286	259	1178
2559	256	1280	2538	259	1177
2815	256	1280	2790	259	1175
3071	256	1280	3038	259	1173
3327	256	1280	3269	259	1173
3583	256	1280	3539	260	1172
3839	256	1280	3795	260	1173
4095	256	1280	4046	260	1172
0	512	1280	0	502	1190
256	512	1280	261	506	1184
512	512	1280	516	507	1183
768	512	1280	766	507	1181
1024	512	1280	1017	508	1181
1280	512	1280	1282	508	1180
1536	512	1280	1517	509	1178
1792	512	1280	1769	509	1178
2048	512	1280	2017	510	1178
2303	512	1280	2282	512	1179
2559	512	1280	2534	511	1177
2815	512	1280	2787	510	1175
3071	512	1280	3034	510	1174
3327	512	1280	3265	511	1173
3583	512	1280	3535	511	1174
3839	512	1280	3789	511	1173
4095	512	1280	4042	511	1172
0	768	1280	0	741	1189
256	768	1280	259	744	1182
512	768	1280	515	746	1181
768	768	1280	766	747	1180
1024	768	1280	1016	747	1179
1280	768	1280	1283	748	1179
1536	768	1280	1517	748	1178
1792	768	1280	1770	748	1177
2048	768	1280	2015	749	1176
2303	768	1280	2280	750	1178
2559	768	1280	2532	749	1176
2815	768	1280	2785	749	1174
3071	768	1280	3032	748	1172
3327	768	1280	3263	749	1172
3583	768	1280	3533	749	1172
3839	768	1280	3790	750	1172
4095	768	1280	4044	751	1172
0	1024	1280	0	978	1188
256	1024	1280	259	983	1180
512	1024	1280	514	984	1179
768	1024	1280	764	984	1178
1024	1024	1280	1014	985	1178
1280	1024	1280	1280	986	1178
1536	1024	1280	1512	985	1176
1792	1024	1280	1765	985	1175
2048	1024	1280	2012	986	1175
2303	1024	1280	2274	987	1175
2559	1024	1280	2529	987	1174
2815	1024	1280	2782	986	1172
3071	1024	1280	3030	986	1171
3327	1024	1280	3259	986	1170
3583	1024	1280	3526	985	1170
3839	1024	1280	3786	988	1171
4095	1024	1280	4037	987	1170
0	1280	1280	0	1225	1186
256	1280	1280	257	1231	1178
512	1280	1280	512	1232	1177
768	1280	1280	762	1233	1175
1024	1280	1280	1012	1235	1176
1280	1280	1280	1278	1234	1175
1536	1280	1280	1510	1235	1173
1792	1280	1280	1762	1234	1172
2048	1280	1280	2008	1234	1172
2303	1280	1280	2271	1237	1172
2559	1280	1280	2524	1235	1172
2815	1280	1280	2776	1234	1170
3071	1280	1280	3027	1235	1169
3327	1280	1280	3255	1234	1168
3583	1280	1280	3523	1234	1167
3839	1280	1280	3781	1236	1168
4095	1280	1280	4034	1236	1168
0	1536	1280	0	1453	1184
256	1536	1280	256	1460	1176
512	1536	1280	511	1463	1176
768	1536	1280	762	1464	1175
1024	1536	1280	1012	1465	1175
1280	1536	1280	1277	1464	1173
1536	1536	1280	1509	1464	1172
1792	1536	1280	1761	1464	1172
2048	1536	1280	2006	1464	1170
2303	1536	1280	2270	1467	1172
2559	1536	1280	2523	1465	1170
2815	1536	1280	2774	1463	1168
3071	1536	1280	3025	1465	1168
3327	1536	1280	3253	1464	1167
3583	1536	1280	3524	1465	1167
3839	1536	1280	3780	1466	1167
4095	1536	1280	4033	1466	1167
0	1792	1280	0	1684	1183
256	1792	1280	256	1692	1175
512	1792	1280	511	1694	1176
768	1792	1280	760	1694	1174
1024	1792	1280	1011	1696	1174
1280	1792	1280	1277	1698	1173
1536	1792	1280	1508	1695	1171
1792	1792	1280	1761	1697	1171
2048	1792	1280	2007	1697	1170
2303	1792	1280	2271	1700	1171
2559	1792	1280	2523	1697	1170
2815	1792	1280	2774	1695	1168
3071	1792	1280	3023	1695	1167
3327	1792	1280	3253	1695	1166
3583	1792	1280	3524	1696	1167
3839	1792	1280	3780	1697	1167
4095	1792	1280	4031	1696	1166
0	2048	1280	0	1919	1183
256	2048	1280	256	1928	1175
512	2048	1280	510	1930	1175
768	2048	1280	759	1928	1173
1024	2048	1280	1010	1931	1173
1280	2048	1280	1276	1932	1173
1536	2048	1280	1507	1930	1171
1792	2048	1280	1761	1933	1171
2048	2048	1280	2006	1932	1170
2303	2048	1280	2268	1933	1171
2559	2048	1280	2522	1932	1169
2815	2048	1280	2774	1930	1167
3071	2048	1280	3021	1928	1166
3327	2048	1280	3252	1930	1166
3583	2048	1280	3520	1929	1165
3839	2048	1280	3779	1932	1166
4095	2048	1280	4029	1931	1165
0	2303	1280	0	2171	1181
256	2303	1280	255	2179	1174
512	2303	1280	509	2183	1174
768	2303	1280	758	2182	1172
1024	2303	1280	1008	2184	1172
1280	2303	1280	1273	2184	1171
1536	2303	1280	1505	2183	1169
1792	2303	1280	1758	2184	1170
2048	2303	1280	2003	2184	1169
2303	2303	1280	2265	2186	1169
2559	2303	1280	2519	2184	1168
2815	2303	1280	2770	2182	1166
3071	2303	1280	3020	2182	1165
3327	2303	1280	3249	2182	1164
3583	2303	1280	3517	2182	1164
3839	2303	1280	3775	2184	1165
4095	2303	1280	4028	2184	1164
0	2559	1280	0	2413	1180
256	2559	1280	255	2422	1172
512	2559	1280	508	2426	1172
768	2559	1280	757	2426	1171
1024	2559	1280	1006	2427	1170
1280	2559	1280	1272	2429	1170
1536	2559	1280	1505	2428	1169
1792	2559	1280	1756	2428	1168
2048	2559	1280	2001	2428	1167
2303	2559	1280	2265	2431	1168
2559	2559	1280	2517	2428	1167
2815	2559	1280	2768	2425	1164
3071	2559	1280	3019	2427	1165
3327	2559	1280	3247	2425	1163
3583	2559	1280	3517	2426	1163
3839	2559	1280	3773	2428	1164
4095	2559	1280	4027	2429	1164
0	2815	1280	0	2645	1179
256	2815	1280	254	2656	1172
512	2815	1280	507	2658	1171
768	2815	1280	756	2658	1170
1024	2815	1280	1005	2659	1170
1280	2815	1280	1272	2661	1169
1536	2815	1280	1504	2661	1168
1792	2815	1280	1755	2660	1167
2048	2815	1280	2002	2661	1167
2303	2815	1280	2264	2663	1167
2559	2815	1280	2516	2660	1166
2815	2815	1280	2769	2659	1165
3071	2815	1280	3018	2658	1164
3327	2815	1280	3247	2658	1163
3583	2815	1280	3515	2657	1162
3839	2815	1280	3772	2659	1163
4095	2815	1280	4027	2660	1163
0	3071	1280	0	2876	1179
256	3071	1280	254	2890	1172
512	3071	1280	507	2892	1171
768	3071	1280	755	2891	1170
1024	3071	1280	1005	2893	1170
1280	3071	1280	1271	2895	1169
1536	3071	1280	1502	2892	1167
1792	3071	1280	1755	2895	1168
2048	3071	1280	2002	2895	1167
2303	3071	1280	2264	2897	1168
2559	3071	1280	2516	2895	1166
2815	3071	1280	2769	2893	1165
3071	3071	1280	3018	2892	1164
3327	3071	1280	3247	2892	1163
3583	3071	1280	3516	2891	1163
3839	3071	1280	3773	2893	1163
4095	3071	1280	4026	2893	1162
0	3327	1280	0	3107	1180
256	3327	1280	253	3121	1172
512	3327	1280	506	3123	1171
768	3327	1280	755	3123	1170
1024	3327	1280	1004	3125	1170
1280	3327	1280	1270	3126	1169
1536	3327	1280	1502	3124	1168
1792	3327	1280	1755	3126	1168
2048	3327	1280	2002	3127	1167
2303	3327	1280	2265	3131	1168
2559	3327	1280	2518	3129	1167
2815	3327	1280	2768	3124	1165
3071	3327	1280	3018	3124	1164
3327	3327	1280	3248	3124	1163
3583	3327	1280	3519	3126	1164
3839	3327	1280	3774	3126	1163
4095	3327	1280	4026	3125	1163
0	3583	1280	0	3346	1181
256	3583	1280	253	3360	1173
512	3583	1280	506	3363	1172
768	3583	1280	755	3363	1171
1024	3583	1280	1005	3365	1171
1280	3583	1280	1270	3363	1169
1536	3583	1280	1502	3364	1169
1792	3583	1280	1755	3364	1168
2048	3583	1280	2003	3367	1168
2303	3583	1280	2266	3369	1169
2559	3583	1280	2518	3366	1167
2815	3583	1280	2770	3364	1166
3071	3583	1280	3019	3362	1164
3327	3583	1280	3250	3364	1165
3583	3583	1280	3519	3364	1164
3839	3583	1280	3775	3365	1164
4095	3583	1280	4028	3365	1164
0	3839	1280	0	3584	1181
256	3839	1280	253	3600	1174
512	3839	1280	506	3603	1174
768	3839	1280	755	3602	1172
1024	3839	1280	1005	3603	1171
1280	3839	1280	1270	3603	1170
1536	3839	1280	1503	3603	1169
1792	3839	1280	1755	3603	1169
2048	3839	1280	2004	3607	1169
2303	3839	1280	2265	3607	1169
2559	3839	1280	2517	3604	1167
2815	3839	1280	2772	3605	1167
3071	3839	1280	3021	3603	1166
3327	3839	1280	3251	3604	1165
3583	3839	1280	3519	3603	1164
3839	3839	1280	3778	3606	1165
4095	3839	1280	4031	3606	1165
0	4095	1280	0	3813	1180
256	4095	1280	252	3831	1173
512	4095	1280	506	3835	1172
768	4095	1280	755	3833	1171
1024	4095	1280	1003	3833	1170
1280	4095	1280	1270	3836	1170
1536	4095	1280	1502	3835	1169
1792	4095	1280	1755	3835	1168
2048	4095	1280	2002	3838	1168
2303	4095	1280	2265	3839	1168
2559	4095	1280	2517	3837	1167
2815	4095	1280	2771	3836	1165
3071	4095	1280	3020	3835	1164
3327	4095	1280	3249	3834	1164
3583	4095	1280	3519	3836	1164
3839	4095	1280	3777	3838	1164
4095	4095	1280	4031	3838	1164
0	0	1536	1	1	1421
256	0	1536	264	1	1412
512	0	1536	520	2	1411
768	0	1536	769	2	1408
1024	0	1536	1021	3	1408
1280	0	1536	1289	4	1409
1536	0	1536	1520	4	1405
1792	0	1536	1776	4	1406
2048	0	1536	2022	5	1405
2303	0	1536	2284	5	1404
2559	0	1536	2539	6	1404
2815	0	1536	2792	6	1401
3071	0	1536	3039	6	1400
3327	0	1536	3271	7	1400
3583	0	1536	3535	7	1397
3839	0	1536	3796	8	1399
4095	0	1536	4045	8	1397
0	256	1536	0	253	1422
256	256	1536	263	256	1413
512	256	1536	519	256	1412
768	256	1536	769	256	1409
1024	256	1536	1021	257	1409
1280	256	1536	1289	258	1410
1536	256	1536	1521	257	1406
1792	256	1536	1777	258	1407
2048	256	1536	2025	259	1407
2303	256	1536	2289	260	1407
2559	256	1536	2542	260	1405
2815	256	1536	2794	259	1402
3071	256	1536	3045	260	1402
3327	256	1536	3273	260	1401
3583	256	1536	3543	261	1400
3839	256	1536	3800	261	1401
4095	256	1536	4050	261	1399
0	512	1536	0	503	1420
256	512	1536	261	507	1412
512	512	1536	517	508	1411
768	512	1536	768	509	1409
1024	512	1536	1019	509	1409
1280	512	1536	1284	510	1408
1536	512	1536	1519	510	1406
1792	512	1536	1772	510	1406
2048	512	1536	2021	511	1406
2303	512	1536	2285	513	1407
2559	512	1536	2539	512	1405
2815	512	1536	2791	512	1403
3071	512	1536	3038	511	1402
3327	512	1536	3269	512	1401
3583	512	1536	3540	512	1401
3839	512	1536	3794	512	1400
4095	512	1536	4047	513	1399
0	768	1536	0	743	1419
256	768	1536	260	746	1411
512	768	1536	517	748	1409
768	768	1536	768	749	1409
1024	768	1536	1019	750	1409
1280	768	1536	1285	751	1407
1536	768	1536	1519	750	1406
1792	768	1536	1773	751	1405
2048	768	1536	2019	751	1404
2303	768	1536	2283	753	1406
2559	768	1536	2536	751	1404
2815	768	1536	2788	750	1401
3071	768	1536	3037	750	1400
3327	768	1536	3267	751	1399
3583	768	1536	3538	751	1399
3839	768	1536	3795	752	1399
4095	768	1536	4049	753	1399
0	1024	1536	0	980	1418
256	1024	1536	259	985	1409
512	1024	1536	516	987	1407
768	1024	1536	766	986	1406
1024	1024	1536	1017	988	1407
1280	1024	1536	1283	990	1407
1536	1024	1536	1515	987	1403
1792	1024	1536	1770	989	1404
2048	1024	1536	2016	989	1403
2303	1024	1536	2278	990	1403
2559	1024	1536	2533	990	1401
2815	1024	1536	2785	989	1399
3071	1024	1536	3034	989	1398
3327	1024	1536	3264	989	1397
3583	1024	1536	3531	988	1396
3839	1024	1536	3792	990	1398
4095	1024	1536	4042	989	1397
0	1280	1536	0	1227	1414
256	1280	1536	258	1234	1406
512	1280	1536	513	1235	1405
768	1280	1536	764	1237	1404
1024	1280	1536	1014	1238	1404
1280	1280	1536	1280	1238	1403
1536	1280	1536	1512	1237	1401
1792	1280	1536	1766	1238	1401
2048	1280	1536	2011	1238	1400
2303	1280	1536	2275	1240	1400
2559	1280	1536	2528	1238	1398
2815	1280	1536	2780	1237	1396
3071	1280	1536	3031	1238	1396
3327	1280	1536	3261	1238	1396
3583	1280	1536	3527	1237	1394
3839	1280	1536	3785	1238	1395
4095	1280	1536	4038	1239	1394
0	1536	1536	0	1456	1412
256	1536	1536	257	1463	1404
512	1536	1536	513	1467	1404
768	1536	1536	763	1467	1403
1024	1536	1536	1014	1468	1402
1280	1536	1536	1279	1468	1401
1536	1536	1536	1512	1468	1400
1792	1536	1536	1764	1468	1399
2048	1536	1536	2010	1468	1398
2303	1536	1536	2274	1470	1399
2559	1536	1536	2526	1469	1397
2815	1536	1536	2778	1467	1395
3071	1536	1536	3029	1468	1395
3327	1536	1536	3260	1469	1395
3583	1536	1536	3527	1468	1393
3839	1536	1536	3784	1469	1393
4095	1536	1536	4037	1469	1393
0	1792	1536	0	1687	1412
256	1792	1536	257	1695	1403
512	1792	1536	512	1698	1403
768	1792	1536	761	1697	1401
1024	1792	1536	1013	1700	1401
1280	1792	1536	1279	1701	1401
1536	1792	1536	1511	1699	1399
1792	1792	1536	1764	1701	1399
2048	1792	1536	2010	1701	1398
2303	1792	1536	2274	1703	1399
2559	1792	1536	2526	1701	1397
2815	1792	1536	2778	1699	1394
3071	1792	1536	3030	1700	1395
3327	1792	1536	3258	1699	1393
3583	1792	1536	3528	1700	1393
3839	1792	1536	3785	1701	1393
4095	1792	1536	4036	1700	1392
0	2048	1536	0	1923	1411
256	2048	1536	256	1932	1403
512	2048	1536	511	1934	1402
768	2048	1536	760	1933	1400
1024	2048	1536	1011	1935	1400
1280	2048	1536	1279	1938	1401
1536	2048	1536	1509	1934	1398
1792	2048	1536	1763	1937	1398
2048	2048	1536	2009	1936	1397
2303	2048	1536	2271	1937	1398
2559	2048	1536	2526	1937	1396
2815	2048	1536	2778	1935	1394
3071	2048	1536	3027	1934	1394
3327	2048	1536	3256	1933	1392
3583	2048	1536	3525	1934	1392
3839	2048	1536	3784	1936	1393
4095	2048	1536	4035	1935	1391
0	2303	1536	0	2174	1409
256	2303	1536	256	2184	1401
512	2303	1536	510	2188	1401
768	2303	1536	759	2187	1399
1024	2303	1536	1010	2189	1399
1280	2303	1536	1276	2190	1399
1536	2303	1536	1508	2188	1396
1792	2303	1536	1761	2189	1396
2048	2303	1536	2006	2188	1395
2303	2303	1536	2268	2190	1396
2559	2303	1536	2523	2189	1395
2815	2303	1536	2774	2186	1392
3071	2303	1536	3024	2186	1392
3327	2303	1536	3254	2187	1391
3583	2303	1536	3522	2186	1390
3839	2303	1536	3780	2188	1391
4095	2303	1536	4033	2188	1390
0	2559	1536	0	2417	1408
256	2559	1536	255	2427	1399
512	2559	1536	509	2431	1400
768	2559	1536	759	2431	1398
1024	2559	1536	1009	2434	1398
1280	2559	1536	1275	2434	1397
1536	2559	1536	1507	2434	1396
1792	2559	1536	1759	2433	1395
2048	2559	1536	2005	2433	1394
2303	2559	1536	2268	2435	1395
2559	2559	1536	2520	2433	1393
2815	2559	1536	2771	2430	1391
3071	2559	1536	3023	2432	1391
3327	2559	1536	3254	2432	1391
3583	2559	1536	3521	2431	1389
3839	2559	1536	3778	2432	1389
4095	2559	1536	4032	2433	1390
0	2815	1536	0	2649	1408
256	2815	1536	255	2661	1400
512	2815	1536	508	2663	1399
768	2815	1536	758	2663	1397
1024	2815	1536	1008	2666	1398
1280	2815	1536	1274	2668	1397
1536	2815	1536	1507	2666	1395
1792	2815	1536	1760	2667	1395
2048	2815	1536	2005	2667	1394
2303	2815	1536	2267	2668	1394
2559	2815	1536	2519	2665	1393
2815	2815	1536	2772	2664	1391
3071	2815	1536	3022	2663	1390
3327	2815	1536	3253	2664	1390
3583	2815	1536	3520	2662	1389
3839	2815	1536	3779	2665	1390
4095	2815	1536	4031	2665	1389
0	3071	1536	0	2881	1408
256	3071	1536	255	2897	1401
512	3071	1536	508	2899	1399
768	3071	1536	757	2896	1397
1024	3071	1536	1007	2899	1397
1280	3071	1536	1274	2902	1397
1536	3071	1536	1505	2898	1394
1792	3071	1536	1760	2902	1395
2048	3071	1536	2006	2902	1395
2303	3071	1536	2267	2903	1395
2559	3071	1536	2520	2900	1393
2815	3071	1536	2772	2898	1391
3071	3071	1536	3022	2897	1390
3327	3071	1536	3252	2897	1390
3583	3071	1536	3520	2896	1389
3839	3071	1536	3779	2900	1390
4095	3071	1536	4030	2897	1388
0	3327	1536	0	3113	1409
256	3327	1536	254	3129	1401
512	3327	1536	508	3131	1400
768	3327	1536	756	3128	1397
1024	3327	1536	1006	3130	1397
1280	3327	1536	1272	3132	1396
1536	3327	1536	1505	3131	1396
1792	3327	1536	1758	3132	1394
2048	3327	1536	2006	3135	1395
2303	3327	1536	2269	3137	1396
2559	3327	1536	2521	3134	1394
2815	3327	1536	2772	3129	1391
3071	3327	1536	3022	3129	1390
3327	3327	1536	3253	3130	1390
3583	3327	1536	3523	3131	1390
3839	3327	1536	3778	3131	1389
4095	3327	1536	4030	3131	1389
0	3583	1536	0	3353	1411
256	3583	1536	254	3366	1401
512	3583	1536	507	3369	1400
768	3583	1536	757	3368	1398
1024	3583	1536	1006	3370	1398
1280	3583	1536	1272	3371	1398
1536	3583	1536	1506	3372	1396
1792	3583	1536	1758	3370	1396
2048	3583	1536	2006	3373	1395
2303	3583	1536	2269	3376	1396
2559	3583	1536	2521	3372	1394
2815	3583	1536	2774	3370	1393
3071	3583	1536	3022	3367	1391
3327	3583	1536	3254	3369	1391
3583	3583	1536	3524	3370	1390
3839	3583	1536	3780	3371	1391
4095	3583	1536	4033	3371	1390
0	3839	1536	0	3591	1411
256	3839	1536	253	3607	1402
512	3839	1536	507	3610	1402
768	3839	1536	757	3607	1399
1024	3839	1536	1006	3609	1398
1280	3839	1536	1274	3613	1399
1536	3839	1536	1505	3609	1397
1792	3839	1536	1760	3612	1397
2048	3839	1536	2007	3613	1396
2303	3839	1536	2269	3614	1396
2559	3839	1536	2521	3611	1394
2815	3839	1536	2776	3611	1394
3071	3839	1536	3024	3608	1392
3327	3839	1536	3255	3609	1391
3583	3839	1536	3523	3608	1391
3839	3839	1536	3785	3614	1392
4095	3839	1536	4035	3612	1391
0	4095	1536	0	3820	1409
256	4095	1536	253	3837	1400
512	4095	1536	507	3841	1399
768	4095	1536	756	3839	1398
1024	4095	1536	1005	3839	1397
1280	4095	1536	1272	3843	1397
1536	4095	1536	1505	3841	1396
1792	4095	1536	1758	3841	1395
2048	4095	1536	2005	3844	1394
2303	4095	1536	2269	3846	1395
2559	4095	1536	2521	3843	1393
2815	4095	1536	2775	3841	1391
3071	4095	1536	3024	3839	1390
3327	4095	1536	3253	3839	1389
3583	4095	1536	3523	3840	1389
3839	4095	1536	3781	3841	1390
4095	4095	1536	4036	3843	1390
0	0	1792	1	1	1645
256	0	1792	265	1	1633
512	0	1792	521	2	1632
768	0	1792	772	3	1631
1024	0	1792	1025	3	1631
1280	0	1792	1293	4	1632
1536	0	1792	1525	4	1627
1792	0	1792	1781	4	1629
2048	0	1792	2025	5	1625
2303	0	1792	2290	6	1627
2559	0	1792	2542	6	1624
2815	0	1792	2795	6	1621
3071	0	1792	3044	7	1620
3327	0	1792	3279	7	1621
3583	0	1792	3544	7	1620
3839	0	1792	3805	8	1621
4095	0	1792	4054	8	1620
0	256	1792	0	255	1646
256	256	1792	263	256	1634
512	256	1792	520	257	1633
768	256	1792	772	258	1632
1024	256	1792	1025	258	1632
1280	256	1792	1293	260	1633
1536	256	1792	1527	259	1629
1792	256	1792	1782	260	1630
2048	256	1792	2027	260	1627
2303	256	1792	2292	261	1628
2559	256	1792	2545	260	1626
2815	256	1792	2798	260	1623
3071	256	1792	3053	261	1624
3327	256	1792	3281	262	1623
3583	256	1792	3548	261	1621
3839	256	1792	3810	263	1623
4095	256	1792	4059	262	1621
0	512	1792	0	505	1644
256	512	1792	263	510	1635
512	512	1792	519	511	1633
768	512	1792	769	510	1630
1024	512	1792	1021	511	1630
1280	512	1792	1288	512	1631
1536	512	1792	1522	511	1627
1792	512	1792	1777	513	1628
2048	512	1792	2026	514	1628
2303	512	1792	2291	515	1629
2559	512	1792	2545	515	1627
2815	512	1792	2797	514	1624
3071	512	1792	3045	513	1623
3327	512	1792	3274	514	1621
3583	512	1792	3547	515	1622
3839	512	1792	3803	515	1622
4095	512	1792	4052	514	1620
0	768	1792	0	744	1641
256	768	1792	262	750	1634
512	768	1792	519	751	1633
768	768	1792	770	752	1631
1024	768	1792	1022	753	1630
1280	768	1792	1287	753	1628
1536	768	1792	1524	754	1628
1792	768	1792	1775	753	1626
2048	768	1792	2024	754	1627
2303	768	1792	2289	756	1628
2559	768	1792	2543	755	1626
2815	768	1792	2795	753	1623
3071	768	1792	3045	754	1621
3327	768	1792	3272	753	1620
3583	768	1792	3546	754	1621
3839	768	1792	3800	754	1620
4095	768	1792	4058	756	1621
0	1024	1792	0	983	1640
256	1024	1792	260	987	1629
512	1024	1792	517	989	1629
768	1024	1792	768	991	1629
1024	1024	1792	1020	992	1628
1280	1024	1792	1287	993	1628
1536	1024	1792	1520	992	1625
1792	1024	1792	1775	993	1625
2048	1024	1792	2020	992	1623
2303	1024	1792	2284	994	1624
2559	1024	1792	2537	992	1622
2815	1024	1792	2789	991	1620
3071	1024	1792	3038	991	1619
3327	1024	1792	3271	992	1619
3583	1024	1792	3539	992	1618
3839	1024	1792	3799	994	1620
4095	1024	1792	4051	993	1619
0	1280	1792	0	1230	1636
256	1280	1792	259	1237	1627
512	1280	1792	515	1239	1626
768	1280	1792	767	1241	1626
1024	1280	1792	1018	1243	1626
1280	1280	1792	1282	1241	1624
1536	1280	1792	1517	1242	1623
1792	1280	1792	1769	1241	1621
2048	1280	1792	2017	1242	1621
2303	1280	1792	2281	1244	1621
2559	1280	1792	2534	1243	1620
2815	1280	1792	2785	1241	1617
3071	1280	1792	3034	1240	1616
3327	1280	1792	3269	1243	1618
3583	1280	1792	3536	1242	1616
3839	1280	1792	3791	1241	1615
4095	1280	1792	4047	1243	1616
0	1536	1792	0	1458	1633
256	1536	1792	258	1469	1626
512	1536	1792	514	1470	1625
768	1536	1792	766	1472	1625
1024	1536	1792	1017	1474	1625
1280	1536	1792	1280	1471	1621
1536	1536	1792	1516	1473	1622
1792	1536	1792	1767	1471	1619
2048	1536	1792	2015	1473	1620
2303	1536	1792	2279	1476	1621
2559	1536	1792	2533	1474	1619
2815	1536	1792	2785	1473	1617
3071	1536	1792	3033	1471	1615
3327	1536	1792	3268	1474	1617
3583	1536	1792	3535	1473	1615
3839	1536	1792	3789	1472	1613
4095	1536	1792	4047	1475	1616
0	1792	1792	0	1693	1635
256	1792	1792	258	1700	1624
512	1792	1792	513	1702	1624
768	1792	1792	764	1703	1623
1024	1792	1792	1016	1706	1623
1280	1792	1792	1282	1707	1622
1536	1792	1792	1515	1705	1621
1792	1792	1792	1768	1706	1621
2048	1792	1792	2014	1705	1619
2303	1792	1792	2278	1707	1620
2559	1792	1792	2531	1705	1618
2815	1792	1792	2783	1703	1615
3071	1792	1792	3036	1706	1617
3327	1792	1792	3266	1705	1615
3583	1792	1792	3534	1704	1614
3839	1792	1792	3792	1706	1615
4095	1792	1792	4045	1705	1614
0	2048	1792	0	1929	1635
256	2048	1792	257	1936	1623
512	2048	1792	512	1938	1623
768	2048	1792	763	1939	1622
1024	2048	1792	1015	1942	1622
1280	2048	1792	1281	1944	1622
1536	2048	1792	1513	1940	1620
1792	2048	1792	1768	1943	1621
2048	2048	1792	2012	1940	1618
2303	2048	1792	2276	1943	1619
2559	2048	1792	2529	1941	1617
2815	2048	1792	2781	1938	1614
3071	2048	1792	3032	1939	1614
3327	2048	1792	3263	1940	1614
3583	2048	1792	3532	1939	1613
3839	2048	1792	3792	1942	1615
4095	2048	1792	4043	1941	1613
0	2303	1792	0	2178	1630
256	2303	1792	256	2189	1621
512	2303	1792	511	2191	1621
768	2303	1792	762	2193	1621
1024	2303	1792	1013	2196	1621
1280	2303	1792	1279	2195	1620
1536	2303	1792	1512	2195	1619
1792	2303	1792	1764	2193	1617
2048	2303	1792	2010	2194	1617
2303	2303	1792	2274	2197	1618
2559	2303	1792	2527	2194	1616
2815	2303	1792	2779	2192	1613
3071	2303	1792	3028	2190	1611
3327	2303	1792	3262	2194	1613
3583	2303	1792	3530	2192	1611
3839	2303	1792	3786	2193	1611
4095	2303	1792	4041	2194	1612
0	2559	1792	0	2420	1628
256	2559	1792	256	2435	1621
512	2559	1792	510	2437	1621
768	2559	1792	761	2439	1621
1024	2559	1792	1012	2442	1621
1280	2559	1792	1277	2438	1617
1536	2559	1792	1512	2441	1618
1792	2559	1792	1761	2436	1615
2048	2559	1792	2010	2440	1616
2303	2559	1792	2274	2443	1617
2559	2559	1792	2526	2440	1615
2815	2559	1792	2777	2437	1612
3071	2559	1792	3027	2436	1611
3327	2559	1792	3260	2438	1612
3583	2559	1792	3529	2438	1611
3839	2559	1792	3782	2436	1609
4095	2559	1792	4041	2440	1611
0	2815	1792	0	2655	1630
256	2815	1792	256	2668	1621
512	2815	1792	510	2669	1620
768	2815	1792	760	2672	1620
1024	2815	1792	1011	2674	1620
1280	2815	1792	1277	2672	1618
1536	2815	1792	1511	2674	1617
1792	2815	1792	1763	2673	1617
2048	2815	1792	2009	2672	1615
2303	2815	1792	2273	2676	1617
2559	2815	1792	2526	2673	1615
2815	2815	1792	2777	2670	1612
3071	2815	1792	3026	2667	1610
3327	2815	1792	3259	2670	1611
3583	2815	1792	3528	2670	1610
3839	2815	1792	3785	2671	1611
4095	2815	1792	4040	2672	1610
0	3071	1792	0	2890	1631
256	3071	1792	256	2904	1622
512	3071	1792	510	2906	1621
768	3071	1792	759	2905	1619
1024	3071	1792	1010	2907	1619
1280	3071	1792	1277	2908	1619
1536	3071	1792	1509	2906	1616
1792	3071	1792	1764	2910	1617
2048	3071	1792	2009	2908	1616
2303	3071	1792	2272	2910	1616
2559	3071	1792	2524	2907	1614
2815	3071	1792	2776	2903	1611
3071	3071	1792	3027	2903	1611
3327	3071	1792	3259	2905	1611
3583	3071	1792	3526	2903	1609
3839	3071	1792	3788	2908	1612
4095	3071	1792	4039	2906	1610
0	3327	1792	0	3121	1631
256	3327	1792	255	3139	1623
512	3327	1792	510	3142	1622
768	3327	1792	758	3136	1618
1024	3327	1792	1009	3138	1618
1280	3327	1792	1276	3141	1619
1536	3327	1792	1509	3139	1617
1792	3327	1792	1763	3141	1616
2048	3327	1792	2011	3143	1617
2303	3327	1792	2274	3145	1618
2559	3327	1792	2525	3141	1615
2815	3327	1792	2777	3137	1613
3071	3327	1792	3030	3139	1613
3327	3327	1792	3259	3138	1611
3583	3327	1792	3528	3138	1612
3839	3327	1792	3787	3140	1611
4095	3327	1792	4038	3138	1609
0	3583	1792	0	3360	1633
256	3583	1792	255	3375	1622
512	3583	1792	509	3377	1621
768	3583	1792	758	3375	1620
1024	3583	1792	1009	3377	1620
1280	3583	1792	1276	3381	1621
1536	3583	1792	1509	3379	1618
1792	3583	1792	1763	3381	1619
2048	3583	1792	2010	3381	1617
2303	3583	1792	2276	3386	1619
2559	3583	1792	2528	3382	1616
2815	3583	1792	2780	3379	1614
3071	3583	1792	3029	3376	1612
3327	3583	1792	3260	3377	1612
3583	3583	1792	3532	3380	1613
3839	3583	1792	3788	3380	1613
4095	3583	1792	4039	3378	1611
0	3839	1792	0	3601	1634
256	3839	1792	254	3614	1624
512	3839	1792	509	3616	1623
768	3839	1792	759	3616	1620
1024	3839	1792	1009	3619	1621
1280	3839	1792	1277	3624	1621
1536	3839	1792	1508	3617	1618
1792	3839	1792	1765	3623	1619
2048	3839	1792	2010	3621	1618
2303	3839	1792	2274	3623	1617
2559	3839	1792	2527	3620	1615
2815	3839	1792	2781	3619	1616
3071	3839	1792	3029	3616	1614
3327	3839	1792	3262	3619	1613
3583	3839	1792	3531	3618	1612
3839	3839	1792	3792	3623	1613
4095	3839	1792	4042	3619	1611
0	4095	1792	0	3829	1630
256	4095	1792	254	3847	1621
512	4095	1792	508	3851	1621
768	4095	1792	757	3845	1619
1024	4095	1792	1008	3849	1619
1280	4095	1792	1276	3853	1618
1536	4095	1792	1507	3849	1617
1792	4095	1792	1762	3851	1615
2048	4095	1792	2010	3855	1616
2303	4095	1792	2273	3854	1616
2559	4095	1792	2525	3850	1614
2815	4095	1792	2782	3853	1613
3071	4095	1792	3030	3850	1611
3327	4095	1792	3259	3847	1609
3583	4095	1792	3529	3848	1610
3839	4095	1792	3788	3850	1609
4095	4095	1792	4042	3850	1610
0	0	2048	1	1	1877
256	0	2048	266	1	1863
512	0	2048	523	2	1862
768	0	2048	775	3	1862
1024	0	2048	1028	3	1862
1280	0	2048	1295	4	1861
1536	0	2048	1529	4	1858
1792	0	2048	1784	4	1858
2048	0	2048	2030	5	1856
2303	0	2048	2295	6	1857
2559	0	2048	2548	6	1854
2815	0	2048	2802	6	1852
3071	0	2048	3051	7	1850
3327	0	2048	3284	7	1851
3583	0	2048	3552	8	1850
3839	0	2048	3812	8	1851
4095	0	2048	4063	8	1850
0	256	2048	0	256	1879
256	256	2048	265	257	1866
512	256	2048	522	258	1865
768	256	2048	775	259	1865
1024	256	2048	1028	260	1865
1280	256	2048	1296	261	1864
1536	256	2048	1532	260	1862
1792	256	2048	1786	261	1861
2048	256	2048	2032	261	1858
2303	256	2048	2298	262	1860
2559	256	2048	2551	262	1857
2815	256	2048	2805	262	1855
3071	256	2048	3058	262	1855
3327	256	2048	3289	263	1854
3583	256	2048	3556	263	1852
3839	256	2048	3816	263	1853
4095	256	2048	4067	263	1852
0	512	2048	0	507	1876
256	512	2048	264	512	1867
512	512	2048	521	513	1866
768	512	2048	771	512	1862
1024	512	2048	1025	513	1862
1280	512	2048	1293	514	1862
1536	512	2048	1526	514	1858
1792	512	2048	1782	515	1859
2048	512	2048	2031	516	1859
2303	512	2048	2295	517	1860
2559	512	2048	2549	516	1857
2815	512	2048	2803	516	1855
3071	512	2048	3052	515	1853
3327	512	2048	3282	516	1852
3583	512	2048	3554	516	1852
3839	512	2048	3812	516	1852
4095	512	2048	4060	516	1849
0	768	2048	0	747	1874
256	768	2048	263	753	1865
512	768	2048	521	755	1865
768	768	2048	772	755	1862
1024	768	2048	1023	754	1859
1280	768	2048	1291	755	1860
1536	768	2048	1527	756	1859
1792	768	2048	1780	756	1857
2048	768	2048	2030	757	1858
2303	768	2048	2295	758	1859
2559	768	2048	2548	757	1856
2815	768	2048	2802	757	1854
3071	768	2048	3050	756	1851
3327	768	2048	3280	755	1849
3583	768	2048	3554	757	1852
3839	768	2048	3809	757	1850
4095	768	2048	4066	758	1851
0	1024	2048	0	986	1871
256	1024	2048	261	991	1861
512	1024	2048	519	993	1860
768	1024	2048	770	994	1859
1024	1024	2048	1022	995	1858
1280	1024	2048	1289	996	1858
1536	1024	2048	1524	995	1856
1792	1024	2048	1778	996	1855
2048	1024	2048	2025	995	1853
2303	1024	2048	2289	997	1855
2559	1024	2048	2543	996	1852
2815	1024	2048	2796	995	1849
3071	1024	2048	3044	994	1847
3327	1024	2048	3279	996	1849
3583	1024	2048	3547	995	1847
3839	1024	2048	3806	996	1848
4095	1024	2048	4059	996	1848
0	1280	2048	0	1234	1867
256	1280	2048	260	1242	1858
512	1280	2048	517	1244	1857
768	1280	2048	768	1246	1857
1024	1280	2048	1020	1246	1857
1280	1280	2048	1285	1245	1854
1536	1280	2048	1522	1246	1854
1792	1280	2048	1773	1245	1851
2048	1280	2048	2022	1247	1852
2303	1280	2048	2286	1248	1852
2559	1280	2048	2540	1247	1850
2815	1280	2048	2792	1245	1847
3071	1280	2048	3041	1244	1845
3327	1280	2048	3277	1247	1847
3583	1280	2048	3545	1246	1845
3839	1280	2048	3799	1245	1844
4095	1280	2048	4055	1247	1845
0	1536	2048	0	1463	1865
256	1536	2048	259	1473	1856
512	1536	2048	516	1475	1856
768	1536	2048	768	1477	1856
1024	1536	2048	1019	1478	1855
1280	1536	2048	1284	1476	1852
1536	1536	2048	1520	1478	1852
1792	1536	2048	1771	1476	1849
2048	1536	2048	2021	1478	1850
2303	1536	2048	2285	1481	1851
2559	1536	2048	2539	1479	1849
2815	1536	2048	2791	1477	1846
3071	1536	2048	3039	1475	1843
3327	1536	2048	3274	1478	1845
3583	1536	2048	3544	1478	1844
3839	1536	2048	3798	1477	1843
4095	1536	2048	4056	1479	1845
0	1792	2048	0	1699	1868
256	1792	2048	259	1706	1855
512	1792	2048	515	1708	1855
768	1792	2048	767	1709	1854
1024	1792	2048	1019	1711	1854
1280	1792	2048	1285	1711	1853
1536	1792	2048	1519	1710	1851
1792	1792	2048	1772	1711	1850
2048	1792	2048	2019	1710	1848
2303	1792	2048	2284	1713	1850
2559	1792	2048	2538	1712	1848
2815	1792	2048	2789	1709	1844
3071	1792	2048	3042	1710	1845
3327	1792	2048	3273	1710	1844
3583	1792	2048	3542	1710	1843
3839	1792	2048	3799	1711	1843
4095	1792	2048	4054	1711	1843
0	2048	2048	0	1935	1867
256	2048	2048	258	1942	1854
512	2048	2048	514	1945	1854
768	2048	2048	766	1946	1853
1024	2048	2048	1018	1948	1853
1280	2048	2048	1284	1949	1852
1536	2048	2048	1518	1946	1850
1792	2048	2048	1772	1948	1849
2048	2048	2048	2017	1946	1847
2303	2048	2048	2282	1949	1849
2559	2048	2048	2535	1947	1846
2815	2048	2048	2787	1944	1843
3071	2048	2048	3038	1945	1842
3327	2048	2048	3271	1946	1843
3583	2048	2048	3539	1945	1841
3839	2048	2048	3798	1947	1843
4095	2048	2048	4051	1946	1842
0	2303	2048	0	2185	1863
256	2303	2048	257	2196	1852
512	2303	2048	513	2199	1852
768	2303	2048	764	2200	1851
1024	2303	2048	1016	2202	1851
1280	2303	2048	1282	2202	1849
1536	2303	2048	1517	2201	1848
1792	2303	2048	1768	2200	1846
2048	2303	2048	2016	2202	1847
2303	2303	2048	2281	2204	1848
2559	2303	2048	2533	2201	1845
2815	2303	2048	2785	2199	1842
3071	2303	2048	3035	2197	1840
3327	2303	2048	3269	2200	1842
3583	2303	2048	3537	2199	1840
3839	2303	2048	3793	2199	1839
4095	2303	2048	4050	2201	1841
0	2559	2048	0	2428	1861
256	2559	2048	257	2443	1852
512	2559	2048	512	2444	1851
768	2559	2048	763	2445	1849
1024	2559	2048	1015	2447	1849
1280	2559	2048	1280	2445	1847
1536	2559	2048	1516	2448	1848
1792	2559	2048	1766	2444	1843
2048	2559	2048	2015	2448	1845
2303	2559	2048	2281	2451	1847
2559	2559	2048	2533	2449	1845
2815	2559	2048	2785	2445	1841
3071	2559	2048	3034	2443	1840
3327	2559	2048	3265	2443	1838
3583	2559	2048	3537	2445	1840
3839	2559	2048	3791	2443	1838
4095	2559	2048	4050	2448	1840
0	2815	2048	0	2662	1862
256	2815	2048	256	2676	1851
512	2815	2048	512	2678	1850
768	2815	2048	763	2679	1849
1024	2815	2048	1014	2681	1850
1280	2815	2048	1279	2678	1846
1536	2815	2048	1515	2682	1847
1792	2815	2048	1767	2680	1846
2048	2815	2048	2014	2680	1844
2303	2815	2048	2280	2684	1846
2559	2815	2048	2533	2682	1844
2815	2815	2048	2784	2678	1841
3071	2815	2048	3033	2676	1839
3327	2815	2048	3265	2677	1839
3583	2815	2048	3536	2678	1839
3839	2815	2048	3793	2678	1839
4095	2815	2048	4049	2681	1840
0	3071	2048	0	2898	1863
256	3071	2048	256	2911	1852
512	3071	2048	511	2914	1852
768	3071	2048	762	2914	1849
1024	3071	2048	1013	2916	1849
1280	3071	2048	1279	2915	1848
1536	3071	2048	1514	2915	1846
1792	3071	2048	1769	2918	1847
2048	3071	2048	2013	2915	1844
2303	3071	2048	2278	2918	1846
2559	3071	2048	2531	2915	1843
2815	3071	2048	2784	2913	1841
3071	3071	2048	3034	2912	1840
3327	3071	2048	3267	2914	1840
3583	3071	2048	3535	2912	1839
3839	3071	2048	3796	2916	1841
4095	3071	2048	4049	2915	1839
0	3327	2048	0	3130	1863
256	3327	2048	256	3146	1853
512	3327	2048	511	3149	1852
768	3327	2048	761	3145	1848
1024	3327	2048	1012	3147	1848
1280	3327	2048	1280	3150	1849
1536	3327	2048	1512	3146	1845
1792	3327	2048	1768	3151	1846
2048	3327	2048	2014	3150	1846
2303	3327	2048	2279	3153	1847
2559	3327	2048	2532	3150	1846
2815	3327	2048	2785	3148	1843
3071	3327	2048	3036	3148	1842
3327	3327	2048	3266	3147	1840
3583	3327	2048	3536	3147	1840
3839	3327	2048	3796	3150	1840
4095	3327	2048	4048	3148	1838
0	3583	2048	0	3369	1865
256	3583	2048	256	3385	1853
512	3583	2048	511	3387	1851
768	3583	2048	761	3384	1851
1024	3583	2048	1012	3388	1851
1280	3583	2048	1280	3390	1851
1536	3583	2048	1512	3386	1848
1792	3583	2048	1768	3390	1848
2048	3583	2048	2016	3392	1847
2303	3583	2048	2281	3395	1848
2559	3583	2048	2535	3393	1847
2815	3583	2048	2787	3389	1843
3071	3583	2048	3036	3387	1841
3327	3583	2048	3267	3387	1842
3583	3583	2048	3539	3388	1842
3839	3583	2048	3796	3389	1842
4095	3583	2048	4048	3387	1840
0	3839	2048	0	3611	1866
256	3839	2048	255	3624	1854
512	3839	2048	510	3626	1853
768	3839	2048	762	3627	1850
1024	3839	2048	1013	3630	1851
1280	3839	2048	1280	3633	1851
1536	3839	2048	1513	3629	1848
1792	3839	2048	1769	3632	1849
2048	3839	2048	2016	3632	1848
2303	3839	2048	2280	3634	1847
2559	3839	2048	2534	3632	1845
2815	3839	2048	2787	3629	1845
3071	3839	2048	3037	3627	1844
3327	3839	2048	3270	3630	1843
3583	3839	2048	3540	3630	1842
3839	3839	2048	3799	3632	1843
4095	3839	2048	4052	3630	1841
0	4095	2048	0	3839	1862
256	4095	2048	255	3856	1851
512	4095	2048	510	3860	1850
768	4095	2048	760	3856	1848
1024	4095	2048	1011	3860	1848
1280	4095	2048	1279	3862	1847
1536	4095	2048	1511	3859	1845
1792	4095	2048	1767	3862	1844
2048	4095	2048	2016	3865	1845
2303	4095	2048	2279	3866	1846
2559	4095	2048	2531	3862	1844
2815	4095	2048	2788	3863	1842
3071	4095	2048	3037	3861	1840
3327	4095	2048	3267	3858	1838
3583	4095	2048	3539	3860	1840
3839	4095	2048	3797	3861	1839
4095	4095	2048	4051	3861	1839
0	0	2303	1	1	2111
256	0	2303	267	2	2099
512	0	2303	525	2	2097
768	0	2303	777	3	2096
1024	0	2303	1031	3	2097
1280	0	2303	1296	4	2092
1536	0	2303	1533	4	2092
1792	0	2303	1786	5	2089
2048	0	2303	2036	5	2091
2303	0	2303	2300	6	2091
2559	0	2303	2554	6	2088
2815	0	2303	2809	6	2086
3071	0	2303	3056	7	2083
3327	0	2303	3291	7	2085
3583	0	2303	3559	8	2083
3839	0	2303	3817	8	2083
4095	0	2303	4070	8	2083
0	256	2303	0	257	2116
256	256	2303	266	258	2101
512	256	2303	524	259	2100
768	256	2303	777	260	2099
1024	256	2303	1031	261	2099
1280	256	2303	1297	261	2095
1536	256	2303	1535	261	2095
1792	256	2303	1788	261	2093
2048	256	2303	2038	262	2094
2303	256	2303	2302	263	2094
2559	256	2303	2556	263	2091
2815	256	2303	2811	263	2089
3071	256	2303	3060	263	2087
3327	256	2303	3294	264	2088
3583	256	2303	3562	264	2086
3839	256	2303	3818	264	2084
4095	256	2303	4074	264	2086
0	512	2303	0	509	2110
256	512	2303	265	513	2101
512	512	2303	523	514	2099
768	512	2303	773	514	2095
1024	512	2303	1027	515	2095
1280	512	2303	1295	516	2094
1536	512	2303	1530	515	2092
1792	512	2303	1786	516	2092
2048	512	2303	2036	517	2093
2303	512	2303	2297	517	2091
2559	512	2303	2551	517	2088
2815	512	2303	2809	518	2089
3071	512	2303	3058	517	2086
3327	512	2303	3289	517	2085
3583	512	2303	3557	517	2083
3839	512	2303	3816	518	2084
4095	512	2303	4068	518	2082
0	768	2303	0	750	2109
256	768	2303	264	755	2099
512	768	2303	522	757	2098
768	768	2303	772	756	2094
1024	768	2303	1026	756	2093
1280	768	2303	1293	757	2093
1536	768	2303	1528	757	2090
1792	768	2303	1784	758	2091
2048	768	2303	2034	759	2091
2303	768	2303	2298	760	2092
2559	768	2303	2553	759	2090
2815	768	2303	2807	759	2088
3071	768	2303	3057	759	2085
3327	768	2303	3287	758	2083
3583	768	2303	3560	759	2085
3839	768	2303	3814	759	2083
4095	768	2303	4067	759	2081
0	1024	2303	0	988	2103
256	1024	2303	262	995	2094
512	1024	2303	521	997	2094
768	1024	2303	771	997	2092
1024	1024	2303	1025	998	2092
1280	1024	2303	1290	997	2089
1536	1024	2303	1526	998	2088
1792	1024	2303	1780	997	2086
2048	1024	2303	2030	999	2087
2303	1024	2303	2294	1000	2088
2559	1024	2303	2547	999	2085
2815	1024	2303	2801	998	2082
3071	1024	2303	3051	997	2081
3327	1024	2303	3285	999	2082
3583	1024	2303	3554	998	2080
3839	1024	2303	3809	998	2079
4095	1024	2303	4064	998	2079
0	1280	2303	0	1237	2100
256	1280	2303	261	1246	2092
512	1280	2303	518	1247	2091
768	1280	2303	770	1249	2090
1024	1280	2303	1021	1247	2087
1280	1280	2303	1288	1248	2087
1536	1280	2303	1524	1249	2087
1792	1280	2303	1777	1248	2084
2048	1280	2303	2026	1250	2084
2303	1280	2303	2291	1252	2086
2559	1280	2303	2545	1250	2083
2815	1280	2303	2797	1249	2080
3071	1280	2303	3047	1248	2078
3327	1280	2303	3278	1248	2077
3583	1280	2303	3550	1249	2078
3839	1280	2303	3806	1249	2077
4095	1280	2303	4062	1250	2078
0	1536	2303	0	1469	2101
256	1536	2303	260	1478	2090
512	1536	2303	517	1479	2089
768	1536	2303	769	1481	2089
1024	1536	2303	1020	1480	2086
1280	1536	2303	1287	1481	2086
1536	1536	2303	1524	1482	2086
1792	1536	2303	1775	1480	2082
2048	1536	2303	2024	1481	2082
2303	1536	2303	2289	1484	2084
2559	1536	2303	2543	1482	2081
2815	1536	2303	2795	1480	2078
3071	1536	2303	3045	1479	2076
3327	1536	2303	3275	1479	2074
3583	1536	2303	3548	1481	2076
3839	1536	2303	3807	1482	2077
4095	1536	2303	4061	1482	2076
0	1792	2303	0	1704	2104
256	1792	2303	260	1711	2089
512	1792	2303	517	1713	2089
768	1792	2303	768	1713	2087
1024	1792	2303	1021	1715	2087
1280	1792	2303	1286	1714	2084
1536	1792	2303	1522	1715	2084
1792	1792	2303	1773	1712	2080
2048	1792	2303	2023	1714	2082
2303	1792	2303	2288	1717	2083
2559	1792	2303	2542	1715	2080
2815	1792	2303	2794	1714	2078
3071	1792	2303	3044	1712	2076
3327	1792	2303	3277	1714	2076
3583	1792	2303	3547	1714	2075
3839	1792	2303	3804	1714	2074
4095	1792	2303	4060	1715	2076
0	2048	2303	0	1937	2099
256	2048	2303	259	1947	2087
512	2048	2303	516	1950	2087
768	2048	2303	767	1950	2086
1024	2048	2303	1020	1953	2086
1280	2048	2303	1285	1950	2082
1536	2048	2303	1521	1951	2082
1792	2048	2303	1772	1949	2080
2048	2048	2303	2021	1951	2080
2303	2048	2303	2286	1954	2082
2559	2048	2303	2540	1952	2079
2815	2048	2303	2793	1950	2076
3071	2048	2303	3043	1949	2074
3327	2048	2303	3277	1952	2076
3583	2048	2303	3545	1950	2074
3839	2048	2303	3801	1949	2072
4095	2048	2303	4059	1952	2075
0	2303	2303	0	2190	2098
256	2303	2303	258	2202	2086
512	2303	2303	515	2204	2085
768	2303	2303	767	2206	2085
1024	2303	2303	1017	2205	2082
1280	2303	2303	1284	2206	2082
1536	2303	2303	1520	2206	2081
1792	2303	2303	1771	2204	2079
2048	2303	2303	2020	2206	2079
2303	2303	2303	2285	2209	2081
2559	2303	2303	2539	2207	2079
2815	2303	2303	2791	2205	2075
3071	2303	2303	3041	2203	2073
3327	2303	2303	3273	2204	2073
3583	2303	2303	3543	2204	2073
3839	2303	2303	3799	2203	2072
4095	2303	2303	4058	2207	2074
0	2559	2303	0	2435	2097
256	2559	2303	257	2448	2085
512	2559	2303	514	2450	2084
768	2559	2303	765	2449	2080
1024	2559	2303	1015	2449	2080
1280	2559	2303	1283	2451	2080
1536	2559	2303	1519	2454	2081
1792	2559	2303	1770	2450	2077
2048	2559	2303	2019	2453	2078
2303	2559	2303	2284	2456	2080
2559	2559	2303	2537	2453	2077
2815	2559	2303	2790	2451	2074
3071	2559	2303	3040	2449	2072
3327	2559	2303	3270	2449	2071
3583	2559	2303	3543	2451	2072
3839	2559	2303	3798	2450	2071
4095	2559	2303	4057	2453	2073
0	2815	2303	0	2667	2096
256	2815	2303	257	2682	2085
512	2815	2303	514	2685	2084
768	2815	2303	764	2683	2082
1024	2815	2303	1016	2685	2082
1280	2815	2303	1281	2684	2079
1536	2815	2303	1519	2689	2081
1792	2815	2303	1770	2684	2077
2048	2815	2303	2018	2686	2077
2303	2815	2303	2284	2690	2079
2559	2815	2303	2536	2686	2076
2815	2815	2303	2789	2684	2073
3071	2815	2303	3039	2683	2072
3327	2815	2303	3272	2684	2073
3583	2815	2303	3542	2684	2071
3839	2815	2303	3798	2683	2070
4095	2815	2303	4056	2687	2072
0	3071	2303	0	2903	2098
256	3071	2303	256	2917	2084
512	3071	2303	513	2919	2083
768	3071	2303	764	2920	2082
1024	3071	2303	1016	2922	2083
1280	3071	2303	1282	2922	2082
1536	3071	2303	1518	2923	2079
1792	3071	2303	1772	2923	2080
2048	3071	2303	2018	2922	2078
2303	3071	2303	2283	2925	2079
2559	3071	2303	2536	2922	2076
2815	3071	2303	2789	2920	2074
3071	3071	2303	3039	2918	2071
3327	3071	2303	3273	2921	2073
3583	3071	2303	3541	2919	2071
3839	3071	2303	3800	2921	2073
4095	3071	2303	4055	2921	2071
0	3327	2303	0	3138	2099
256	3327	2303	256	3151	2086
512	3327	2303	512	3153	2085
768	3327	2303	763	3152	2082
1024	3327	2303	1015	3155	2082
1280	3327	2303	1282	3157	2082
1536	3327	2303	1516	3154	2079
1792	3327	2303	1772	3158	2080
2048	3327	2303	2019	3157	2080
2303	3327	2303	2282	3157	2078
2559	3327	2303	2538	3158	2079
2815	3327	2303	2791	3156	2076
3071	3327	2303	3039	3153	2073
3327	3327	2303	3272	3154	2072
3583	3327	2303	3540	3152	2071
3839	3327	2303	3803	3157	2073
4095	3327	2303	4054	3154	2072
0	3583	2303	0	3375	2099
256	3583	2303	256	3392	2087
512	3583	2303	512	3394	2086
768	3583	2303	763	3393	2085
1024	3583	2303	1015	3396	2085
1280	3583	2303	1281	3396	2083
1536	3583	2303	1515	3394	2081
1792	3583	2303	1771	3395	2079
2048	3583	2303	2020	3399	2080
2303	3583	2303	2283	3399	2081
2559	3583	2303	2539	3400	2079
2815	3583	2303	2792	3396	2076
3071	3583	2303	3042	3395	2075
3327	3583	2303	3273	3395	2076
3583	3583	2303	3542	3393	2074
3839	3583	2303	3802	3396	2074
4095	3583	2303	4057	3396	2075
0	3839	2303	0	3615	2102
256	3839	2303	256	3630	2086
512	3839	2303	512	3634	2086
768	3839	2303	763	3636	2084
1024	3839	2303	1015	3638	2084
1280	3839	2303	1281	3638	2084
1536	3839	2303	1516	3636	2081
1792	3839	2303	1771	3636	2082
2048	3839	2303	2019	3638	2080
2303	3839	2303	2285	3642	2081
2559	3839	2303	2539	3639	2079
2815	3839	2303	2791	3635	2076
3071	3839	2303	3043	3637	2078
3327	3839	2303	3276	3639	2076
3583	3839	2303	3544	3635	2074
3839	3839	2303	3804	3638	2076
4095	3839	2303	4060	3638	2075
0	4095	2303	0	3849	2098
256	4095	2303	255	3861	2084
512	4095	2303	511	3865	2083
768	4095	2303	761	3863	2079
1024	4095	2303	1013	3867	2079
1280	4095	2303	1280	3870	2079
1536	4095	2303	1514	3866	2076
1792	4095	2303	1771	3871	2077
2048	4095	2303	2018	3870	2077
2303	4095	2303	2284	3874	2079
2559	4095	2303	2538	3872	2077
2815	4095	2303	2791	3867	2074
3071	4095	2303	3043	3870	2072
3327	4095	2303	3273	3867	2071
3583	4095	2303	3544	3867	2072
3839	4095	2303	3804	3870	2072
4095	4095	2303	4057	3868	2069
0	0	2559	1	1	2356
256	0	2559	267	2	2344
512	0	2559	525	2	2342
768	0	2559	775	3	2337
1024	0	2559	1029	3	2337
1280	0	2559	1297	4	2337
1536	0	2559	1531	4	2334
1792	0	2559	1787	5	2335
2048	0	2559	2037	5	2336
2303	0	2559	2298	6	2332
2559	0	2559	2552	6	2330
2815	0	2559	2805	6	2326
3071	0	2559	3059	7	2328
3327	0	2559	3288	7	2326
3583	0	2559	3556	8	2324
3839	0	2559	3816	8	2325
4095	0	2559	4068	8	2324
0	256	2559	0	256	2359
256	256	2559	266	259	2348
512	256	2559	525	260	2346
768	256	2559	775	260	2341
1024	256	2559	1030	260	2341
1280	256	2559	1298	261	2342
1536	256	2559	1532	261	2337
1792	256	2559	1789	262	2338
2048	256	2559	2039	262	2339
2303	256	2559	2300	263	2336
2559	256	2559	2555	263	2333
2815	256	2559	2812	263	2333
3071	256	2559	3062	263	2331
3327	256	2559	3292	263	2329
3583	256	2559	3560	263	2327
3839	256	2559	3820	264	2329
4095	256	2559	4073	264	2327
0	512	2559	0	509	2354
256	512	2559	264	513	2343
512	512	2559	522	513	2341
768	512	2559	774	515	2340
1024	512	2559	1026	514	2336
1280	512	2559	1294	515	2337
1536	512	2559	1530	516	2336
1792	512	2559	1784	516	2333
2048	512	2559	2034	517	2334
2303	512	2559	2298	518	2335
2559	512	2559	2553	517	2332
2815	512	2559	2806	517	2329
3071	512	2559	3055	517	2327
3327	512	2559	3285	516	2324
3583	512	2559	3559	517	2326
3839	512	2559	3814	517	2325
4095	512	2559	4070	518	2326
0	768	2559	0	751	2356
256	768	2559	263	754	2340
512	768	2559	521	755	2339
768	768	2559	773	757	2340
1024	768	2559	1026	757	2339
1280	768	2559	1291	756	2334
1536	768	2559	1529	757	2335
1792	768	2559	1781	756	2331
2048	768	2559	2031	758	2332
2303	768	2559	2296	759	2334
2559	768	2559	2550	758	2330
2815	768	2559	2804	758	2328
3071	768	2559	3053	757	2325
3327	768	2559	3288	759	2327
3583	768	2559	3557	758	2325
3839	768	2559	3812	758	2323
4095	768	2559	4069	759	2326
0	1024	2559	0	989	2350
256	1024	2559	262	995	2340
512	1024	2559	521	997	2338
768	1024	2559	771	996	2333
1024	1024	2559	1023	996	2332
1280	1024	2559	1290	997	2333
1536	1024	2559	1525	997	2330
1792	1024	2559	1779	997	2329
2048	1024	2559	2029	999	2330
2303	1024	2559	2291	999	2328
2559	1024	2559	2545	997	2325
2815	1024	2559	2799	997	2322
3071	1024	2559	3052	998	2324
3327	1024	2559	3282	998	2322
3583	1024	2559	3551	997	2320
3839	1024	2559	3810	999	2322
4095	1024	2559	4062	997	2320
0	1280	2559	0	1239	2349
256	1280	2559	261	1244	2332
512	1280	2559	518	1246	2331
768	1280	2559	769	1247	2331
1024	1280	2559	1021	1248	2331
1280	1280	2559	1289	1250	2332
1536	1280	2559	1523	1248	2327
1792	1280	2559	1778	1250	2329
2048	1280	2559	2024	1249	2325
2303	1280	2559	2289	1251	2327
2559	1280	2559	2542	1248	2323
2815	1280	2559	2794	1247	2320
3071	1280	2559	3045	1247	2318
3327	1280	2559	3278	1248	2320
3583	1280	2559	3547	1248	2318
3839	1280	2559	3807	1250	2320
4095	1280	2559	4061	1249	2320
0	1536	2559	0	1471	2348
256	1536	2559	260	1476	2331
512	1536	2559	517	1477	2330
768	1536	2559	768	1479	2330
1024	1536	2559	1021	1481	2330
1280	1536	2559	1288	1482	2330
1536	1536	2559	1522	1480	2327
1792	1536	2559	1777	1482	2327
2048	1536	2559	2022	1480	2323
2303	1536	2559	2288	1483	2325
2559	1536	2559	2541	1481	2322
2815	1536	2559	2794	1479	2319
3071	1536	2559	3044	1479	2317
3327	1536	2559	3277	1481	2319
3583	1536	2559	3546	1480	2318
3839	1536	2559	3806	1482	2319
4095	1536	2559	4059	1481	2318
0	1792	2559	0	1703	2347
256	1792	2559	260	1711	2333
512	1792	2559	517	1713	2333
768	1792	2559	768	1712	2328
1024	1792	2559	1021	1715	2329
1280	1792	2559	1288	1716	2329
1536	1792	2559	1521	1713	2325
1792	1792	2559	1775	1714	2325
2048	1792	2559	2024	1716	2327
2303	1792	2559	2287	1716	2325
2559	1792	2559	2539	1713	2320
2815	1792	2559	2795	1715	2322
3071	1792	2559	3045	1714	2320
3327	1792	2559	3276	1713	2318
3583	1792	2559	3546	1713	2318
3839	1792	2559	3805	1715	2318
4095	1792	2559	4057	1714	2316
0	2048	2559	0	1938	2345
256	2048	2559	259	1949	2332
512	2048	2559	516	1951	2331
768	2048	2559	767	1948	2327
1024	2048	2559	1019	1951	2326
1280	2048	2559	1287	1953	2328
1536	2048	2559	1519	1949	2323
1792	2048	2559	1774	1952	2325
2048	2048	2559	2024	1954	2326
2303	2048	2559	2285	1953	2323
2559	2048	2559	2538	1950	2320
2815	2048	2559	2795	1953	2321
3071	2048	2559	3045	1951	2319
3327	2048	2559	3275	1950	2317
3583	2048	2559	3543	1949	2315
3839	2048	2559	3803	1951	2316
4095	2048	2559	4055	1950	2315
0	2303	2559	0	2193	2343
256	2303	2559	258	2200	2326
512	2303	2559	514	2203	2326
768	2303	2559	765	2203	2326
1024	2303	2559	1017	2205	2326
1280	2303	2559	1285	2208	2326
1536	2303	2559	1518	2205	2323
1792	2303	2559	1773	2207	2324
2048	2303	2559	2020	2206	2321
2303	2303	2559	2283	2207	2322
2559	2303	2559	2536	2205	2319
2815	2303	2559	2791	2205	2317
3071	2303	2559	3040	2203	2314
3327	2303	2559	3273	2205	2316
3583	2303	2559	3541	2203	2314
3839	2303	2559	3802	2205	2317
4095	2303	2559	4053	2203	2314
0	2559	2559	0	2438	2341
256	2559	2559	257	2445	2325
512	2559	2559	513	2447	2324
768	2559	2559	765	2449	2324
1024	2559	2559	1016	2452	2325
1280	2559	2559	1282	2451	2321
1536	2559	2559	1518	2452	2321
1792	2559	2559	1770	2450	2318
2048	2559	2559	2017	2451	2320
2303	2559	2559	2282	2454	2321
2559	2559	2559	2535	2451	2319
2815	2559	2559	2788	2449	2315
3071	2559	2559	3037	2446	2313
3327	2559	2559	3272	2451	2315
3583	2559	2559	3541	2449	2314
3839	2559	2559	3802	2453	2316
4095	2559	2559	4053	2450	2314
0	2815	2559	0	2669	2340
256	2815	2559	257	2681	2329
512	2815	2559	513	2684	2328
768	2815	2559	764	2683	2324
1024	2815	2559	1015	2685	2324
1280	2815	2559	1281	2684	2324
1536	2815	2559	1517	2685	2322
1792	2815	2559	1769	2684	2321
2048	2815	2559	2016	2684	2319
2303	2815	2559	2282	2688	2321
2559	2815	2559	2535	2685	2318
2815	2815	2559	2787	2681	2314
3071	2815	2559	3039	2683	2317
3327	2815	2559	3271	2684	2315
3583	2815	2559	3540	2683	2313
3839	2815	2559	3801	2687	2315
4095	2815	2559	4053	2684	2313
0	3071	2559	0	2903	2340
256	3071	2559	256	2918	2328
512	3071	2559	513	2922	2328
768	3071	2559	763	2917	2324
1024	3071	2559	1015	2920	2324
1280	3071	2559	1281	2921	2323
1536	3071	2559	1515	2919	2320
1792	3071	2559	1771	2922	2321
2048	3071	2559	2017	2922	2323
2303	3071	2559	2281	2922	2319
2559	3071	2559	2536	2923	2322
2815	3071	2559	2788	2918	2318
3071	3071	2559	3041	2921	2316
3327	3071	2559	3270	2918	2313
3583	3071	2559	3539	2917	2311
3839	3071	2559	3801	2922	2316
4095	3071	2559	4052	2919	2312
0	3327	2559	0	3133	2340
256	3327	2559	256	3150	2328
512	3327	2559	512	3154	2327
768	3327	2559	763	3152	2326
1024	3327	2559	1014	3155	2327
1280	3327	2559	1280	3153	2322
1536	3327	2559	1514	3152	2323
1792	3327	2559	1769	3154	2321
2048	3327	2559	2019	3157	2322
2303	3327	2559	2281	3157	2323
2559	3327	2559	2538	3158	2321
2815	3327	2559	2790	3155	2317
3071	3327	2559	3039	3153	2315
3327	3327	2559	3268	3150	2313
3583	3327	2559	3539	3151	2315
3839	3327	2559	3800	3155	2313
4095	3327	2559	4053	3154	2316
0	3583	2559	0	3372	2344
256	3583	2559	256	3390	2332
512	3583	2559	511	3393	2331
768	3583	2559	763	3393	2327
1024	3583	2559	1014	3396	2327
1280	3583	2559	1280	3393	2327
1536	3583	2559	1515	3394	2324
1792	3583	2559	1770	3394	2324
2048	3583	2559	2018	3395	2321
2303	3583	2559	2283	3400	2323
2559	3583	2559	2536	3396	2320
2815	3583	2559	2789	3393	2317
3071	3583	2559	3040	3393	2319
3327	3583	2559	3270	3392	2317
3583	3583	2559	3542	3393	2315
3839	3583	2559	3800	3394	2318
4095	3583	2559	4058	3397	2317
0	3839	2559	0	3614	2345
256	3839	2559	256	3633	2331
512	3839	2559	512	3636	2331
768	3839	2559	762	3632	2326
1024	3839	2559	1014	3635	2327
1280	3839	2559	1281	3638	2328
1536	3839	2559	1514	3633	2322
1792	3839	2559	1771	3638	2325
2048	3839	2559	2018	3637	2325
2303	3839	2559	2283	3641	2326
2559	3839	2559	2538	3638	2324
2815	3839	2559	2790	3634	2321
3071	3839	2559	3043	3637	2319
3327	3839	2559	3274	3636	2317
3583	3839	2559	3543	3635	2319
3839	3839	2559	3804	3638	2317
4095	3839	2559	4058	3636	2315
0	4095	2559	0	3846	2344
256	4095	2559	255	3862	2326
512	4095	2559	511	3866	2325
768	4095	2559	761	3864	2324
1024	4095	2559	1013	3867	2324
1280	4095	2559	1280	3868	2320
1536	4095	2559	1513	3864	2321
1792	4095	2559	1769	3869	2318
2048	4095	2559	2019	3872	2319
2303	4095	2559	2284	3876	2321
2559	4095	2559	2538	3873	2318
2815	4095	2559	2791	3868	2315
3071	4095	2559	3041	3867	2313
3327	4095	2559	3272	3866	2314
3583	4095	2559	3545	3869	2313
3839	4095	2559	3802	3868	2311
4095	4095	2559	4056	3867	2313
0	0	2815	1	1	2586
256	0	2815	266	2	2571
512	0	2815	524	3	2571
768	0	2815	777	3	2572
1024	0	2815	1031	3	2572
1280	0	2815	1295	4	2567
1536	0	2815	1533	4	2568
1792	0	2815	1786	5	2564
2048	0	2815	2035	5	2565
2303	0	2815	2302	6	2568
2559	0	2815	2555	6	2564
2815	0	2815	2809	7	2561
3071	0	2815	3056	7	2557
3327	0	2815	3291	8	2560
3583	0	2815	3560	8	2557
3839	0	2815	3814	8	2554
4095	0	2815	4073	8	2558
0	256	2815	0	256	2586
256	256	2815	265	258	2572
512	256	2815	524	259	2571
768	256	2815	776	260	2572
1024	256	2815	1031	261	2572
1280	256	2815	1296	261	2567
1536	256	2815	1533	262	2568
1792	256	2815	1786	262	2564
2048	256	2815	2037	263	2565
2303	256	2815	2302	264	2568
2559	256	2815	2558	263	2564
2815	256	2815	2811	263	2561
3071	256	2815	3061	263	2557
3327	256	2815	3296	264	2560
3583	256	2815	3564	264	2557
3839	256	2815	3818	264	2554
4095	256	2815	4075	265	2558
0	512	2815	0	509	2594
256	512	2815	264	514	2576
512	512	2815	523	515	2576
768	512	2815	773	514	2574
1024	512	2815	1027	515	2576
1280	512	2815	1295	517	2571
1536	512	2815	1529	516	2571
1792	512	2815	1786	517	2567
2048	512	2815	2036	518	2568
2303	512	2815	2296	518	2570
2559	512	2815	2550	517	2568
2815	512	2815	2809	518	2564
3071	512	2815	3058	518	2563
3327	512	2815	3288	517	2565
3583	512	2815	3556	517	2561
3839	512	2815	3816	518	2559
4095	512	2815	4068	518	2561
0	768	2815	0	749	2586
256	768	2815	263	755	2576
512	768	2815	522	757	2575
768	768	2815	772	756	2570
1024	768	2815	1025	756	2569
1280	768	2815	1293	758	2570
1536	768	2815	1527	757	2565
1792	768	2815	1782	758	2568
2048	768	2815	2033	759	2568
2303	768	2815	2298	761	2564
2559	768	2815	2552	759	2560
2815	768	2815	2806	759	2563
3071	768	2815	3055	758	2560
3327	768	2815	3285	758	2557
3583	768	2815	3561	760	2555
3839	768	2815	3816	760	2558
4095	768	2815	4065	758	2555
0	1024	2815	0	987	2584
256	1024	2815	262	994	2573
512	1024	2815	520	997	2573
768	1024	2815	771	997	2569
1024	1024	2815	1024	998	2568
1280	1024	2815	1289	997	2567
1536	1024	2815	1527	998	2564
1792	1024	2815	1779	998	2564
2048	1024	2815	2028	999	2566
2303	1024	2815	2293	1000	2568
2559	1024	2815	2547	999	2564
2815	1024	2815	2800	998	2561
3071	1024	2815	3050	997	2558
3327	1024	2815	3284	999	2555
3583	1024	2815	3554	999	2561
3839	1024	2815	3808	998	2557
4095	1024	2815	4064	999	2553
0	1280	2815	0	1238	2577
256	1280	2815	261	1245	2567
512	1280	2815	518	1247	2567
768	1280	2815	768	1246	2567
1024	1280	2815	1021	1248	2567
1280	1280	2815	1288	1248	2562
1536	1280	2815	1525	1250	2564
1792	1280	2815	1776	1249	2560
2048	1280	2815	2026	1251	2560
2303	1280	2815	2291	1252	2562
2559	1280	2815	2545	1251	2559
2815	1280	2815	2797	1249	2555
3071	1280	2815	3047	1248	2552
3327	1280	2815	3277	1248	2555
3583	1280	2815	3551	1249	2553
3839	1280	2815	3805	1248	2550
4095	1280	2815	4062	1250	2553
0	1536	2815	0	1468	2577
256	1536	2815	260	1477	2565
512	1536	2815	517	1479	2565
768	1536	2815	768	1480	2559
1024	1536	2815	1020	1480	2560
1280	1536	2815	1287	1480	2561
1536	1536	2815	1523	1482	2561
1792	1536	2815	1775	1481	2557
2048	1536	2815	2025	1483	2559
2303	1536	2815	2290	1485	2560
2559	1536	2815	2543	1483	2558
2815	1536	2815	2796	1481	2553
3071	1536	2815	3046	1480	2551
3327	1536	2815	3275	1480	2548
3583	1536	2815	3550	1482	2551
3839	1536	2815	3804	1481	2549
4095	1536	2815	4061	1483	2551
0	1792	2815	0	1703	2576
256	1792	2815	259	1711	2564
512	1792	2815	516	1713	2563
768	1792	2815	768	1714	2563
1024	1792	2815	1021	1716	2559
1280	1792	2815	1285	1713	2558
1536	1792	2815	1522	1715	2560
1792	1792	2815	1774	1713	2557
2048	1792	2815	2023	1716	2558
2303	1792	2815	2288	1718	2558
2559	1792	2815	2542	1716	2555
2815	1792	2815	2795	1714	2553
3071	1792	2815	3045	1713	2550
3327	1792	2815	3278	1716	2548
3583	1792	2815	3548	1715	2550
3839	1792	2815	3802	1714	2548
4095	1792	2815	4061	1717	2550
0	2048	2815	0	1937	2581
256	2048	2815	259	1947	2563
512	2048	2815	516	1950	2562
768	2048	2815	768	1952	2562
1024	2048	2815	1020	1954	2562
1280	2048	2815	1284	1950	2556
1536	2048	2815	1521	1953	2558
1792	2048	2815	1773	1950	2554
2048	2048	2815	2021	1952	2555
2303	2048	2815	2287	1955	2557
2559	2048	2815	2540	1954	2554
2815	2048	2815	2793	1951	2551
3071	2048	2815	3042	1949	2549
3327	2048	2815	3278	1952	2552
3583	2048	2815	3546	1951	2549
3839	2048	2815	3801	1950	2546
4095	2048	2815	4059	1953	2550
0	2303	2815	0	2190	2575
256	2303	2815	258	2202	2562
512	2303	2815	514	2204	2561
768	2303	2815	767	2207	2562
1024	2303	2815	1017	2206	2562
1280	2303	2815	1284	2206	2556
1536	2303	2815	1520	2209	2558
1792	2303	2815	1771	2205	2554
2048	2303	2815	2020	2207	2554
2303	2303	2815	2285	2210	2556
2559	2303	2815	2539	2209	2554
2815	2303	2815	2792	2206	2550
3071	2303	2815	3041	2204	2547
3327	2303	2815	3273	2204	2549
3583	2303	2815	3545	2206	2547
3839	2303	2815	3800	2204	2546
4095	2303	2815	4058	2207	2548
0	2559	2815	0	2436	2575
256	2559	2815	257	2448	2560
512	2559	2815	514	2451	2560
768	2559	2815	765	2450	2560
1024	2559	2815	1015	2449	2555
1280	2559	2815	1283	2453	2556
1536	2559	2815	1517	2452	2557
1792	2559	2815	1770	2451	2553
2048	2559	2815	2020	2455	2554
2303	2559	2815	2284	2457	2556
2559	2559	2815	2538	2455	2553
2815	2559	2815	2791	2452	2550
3071	2559	2815	3041	2451	2547
3327	2559	2815	3270	2449	2544
3583	2559	2815	3545	2453	2547
3839	2559	2815	3799	2450	2544
4095	2559	2815	4054	2451	2547
0	2815	2815	0	2668	2575
256	2815	2815	257	2681	2559
512	2815	2815	513	2684	2559
768	2815	2815	764	2684	2554
1024	2815	2815	1016	2686	2554
1280	2815	2815	1281	2686	2555
1536	2815	2815	1517	2686	2551
1792	2815	2815	1770	2685	2551
2048	2815	2815	2020	2689	2554
2303	2815	2815	2284	2692	2555
2559	2815	2815	2537	2689	2552
2815	2815	2815	2790	2686	2549
3071	2815	2815	3040	2684	2546
3327	2815	2815	3270	2683	2544
3583	2815	2815	3544	2688	2548
3839	2815	2815	3799	2684	2545
4095	2815	2815	4054	2686	2542
0	3071	2815	0	2904	2574
256	3071	2815	256	2915	2558
512	3071	2815	512	2918	2557
768	3071	2815	764	2921	2558
1024	3071	2815	1016	2925	2561
1280	3071	2815	1280	2920	2554
1536	3071	2815	1517	2923	2556
1792	3071	2815	1769	2920	2551
2048	3071	2815	2019	2924	2553
2303	3071	2815	2284	2928	2555
2559	3071	2815	2538	2925	2551
2815	3071	2815	2789	2921	2548
3071	3071	2815	3039	2919	2545
3327	3071	2815	3271	2920	2543
3583	3071	2815	3543	2922	2546
3839	3071	2815	3802	2923	2543
4095	3071	2815	4057	2924	2547
0	3327	2815	0	3139	2579
256	3327	2815	256	3151	2559
512	3327	2815	512	3154	2557
768	3327	2815	763	3153	2556
1024	3327	2815	1015	3157	2559
1280	3327	2815	1280	3155	2553
1536	3327	2815	1515	3156	2554
1792	3327	2815	1769	3156	2550
2048	3327	2815	2020	3160	2553
2303	3327	2815	2283	3160	2554
2559	3327	2815	2537	3158	2553
2815	3327	2815	2791	3157	2547
3071	3327	2815	3041	3156	2546
3327	3327	2815	3273	3156	2547
3583	3327	2815	3542	3155	2546
3839	3327	2815	3805	3159	2549
4095	3327	2815	4057	3157	2547
0	3583	2815	0	3375	2577
256	3583	2815	256	3393	2562
512	3583	2815	512	3395	2561
768	3583	2815	763	3394	2557
1024	3583	2815	1015	3398	2559
1280	3583	2815	1280	3396	2557
1536	3583	2815	1516	3396	2554
1792	3583	2815	1771	3398	2555
2048	3583	2815	2022	3402	2557
2303	3583	2815	2283	3401	2553
2559	3583	2815	2537	3398	2550
2815	3583	2815	2793	3399	2552
3071	3583	2815	3043	3398	2550
3327	3583	2815	3273	3395	2547
3583	3583	2815	3543	3396	2545
3839	3583	2815	3803	3398	2548
4095	3583	2815	4059	3399	2547
0	3839	2815	0	3617	2578
256	3839	2815	256	3633	2564
512	3839	2815	511	3634	2561
768	3839	2815	763	3637	2561
1024	3839	2815	1016	3641	2561
1280	3839	2815	1280	3638	2557
1536	3839	2815	1517	3639	2558
1792	3839	2815	1771	3638	2554
2048	3839	2815	2020	3640	2555
2303	3839	2815	2285	3644	2557
2559	3839	2815	2540	3642	2555
2815	3839	2815	2792	3637	2551
3071	3839	2815	3044	3640	2550
3327	3839	2815	3274	3637	2548
3583	3839	2815	3547	3639	2550
3839	3839	2815	3805	3639	2548
4095	3839	2815	4062	3642	2551
0	4095	2815	0	3851	2582
256	4095	2815	255	3862	2560
512	4095	2815	510	3865	2560
768	4095	2815	761	3864	2558
1024	4095	2815	1014	3872	2562
1280	4095	2815	1280	3872	2561
1536	4095	2815	1514	3868	2557
1792	4095	2815	1770	3872	2558
2048	4095	2815	2018	3872	2555
2303	4095	2815	2283	3876	2556
2559	4095	2815	2538	3872	2554
2815	4095	2815	2790	3868	2550
3071	4095	2815	3044	3872	2554
3327	4095	2815	3274	3870	2552
3583	4095	2815	3545	3869	2549
3839	4095	2815	3806	3874	2552
4095	4095	2815	4058	3870	2549
0	0	3071	1	1	2816
256	0	3071	267	2	2806
512	0	3071	525	3	2806
768	0	3071	778	3	2808
1024	0	3071	1032	4	2807
1280	0	3071	1296	4	2801
1536	0	3071	1535	4	2803
1792	0	3071	1787	5	2798
2048	0	3071	2037	5	2800
2303	0	3071	2302	6	2801
2559	0	3071	2556	6	2797
2815	0	3071	2811	7	2796
3071	0	3071	3058	7	2791
3327	0	3071	3296	8	2795
3583	0	3071	3565	8	2793
3839	0	3071	3817	8	2789
4095	0	3071	4075	9	2792
0	256	3071	0	256	2816
256	256	3071	266	259	2806
512	256	3071	524	260	2806
768	256	3071	777	260	2808
1024	256	3071	1032	262	2808
1280	256	3071	1297	262	2801
1536	256	3071	1536	262	2804
1792	256	3071	1789	262	2799
2048	256	3071	2038	263	2800
2303	256	3071	2303	264	2802
2559	256	3071	2558	263	2798
2815	256	3071	2812	263	2796
3071	256	3071	3061	264	2792
3327	256	3071	3297	264	2796
3583	256	3071	3567	265	2794
3839	256	3071	3822	265	2790
4095	256	3071	4078	265	2792
0	512	3071	0	510	2820
256	512	3071	265	514	2811
512	512	3071	523	515	2810
768	512	3071	774	515	2809
1024	512	3071	1028	516	2811
1280	512	3071	1296	517	2806
1536	512	3071	1530	516	2807
1792	512	3071	1786	517	2804
2048	512	3071	2036	518	2803
2303	512	3071	2297	518	2805
2559	512	3071	2551	517	2801
2815	512	3071	2811	519	2798
3071	512	3071	3060	518	2796
3327	512	3071	3290	518	2797
3583	512	3071	3560	518	2796
3839	512	3071	3823	520	2794
4095	512	3071	4073	519	2795
0	768	3071	0	751	2820
256	768	3071	264	756	2810
512	768	3071	523	758	2809
768	768	3071	773	757	2803
1024	768	3071	1026	758	2804
1280	768	3071	1295	759	2804
1536	768	3071	1528	757	2799
1792	768	3071	1784	759	2801
2048	768	3071	2035	760	2801
2303	768	3071	2301	762	2799
2559	768	3071	2555	761	2795
2815	768	3071	2808	760	2798
3071	768	3071	3059	760	2795
3327	768	3071	3289	760	2792
3583	768	3071	3563	761	2791
3839	768	3071	3818	761	2795
4095	768	3071	4070	760	2791
0	1024	3071	0	989	2821
256	1024	3071	262	995	2809
512	1024	3071	521	997	2809
768	1024	3071	772	998	2803
1024	1024	3071	1025	999	2803
1280	1024	3071	1291	998	2803
1536	1024	3071	1527	999	2798
1792	1024	3071	1779	998	2799
2048	1024	3071	2029	1000	2801
2303	1024	3071	2296	1002	2803
2559	1024	3071	2549	1000	2800
2815	1024	3071	2802	999	2796
3071	1024	3071	3053	999	2793
3327	1024	3071	3287	1000	2791
3583	1024	3071	3557	1000	2794
3839	1024	3071	3811	999	2790
4095	1024	3071	4068	1000	2789
0	1280	3071	0	1238	2815
256	1280	3071	261	1247	2802
512	1280	3071	519	1249	2801
768	1280	3071	769	1248	2801
1024	1280	3071	1022	1250	2801
1280	1280	3071	1289	1249	2796
1536	1280	3071	1526	1251	2797
1792	1280	3071	1777	1249	2792
2048	1280	3071	2027	1252	2794
2303	1280	3071	2293	1254	2796
2559	1280	3071	2547	1252	2793
2815	1280	3071	2800	1251	2789
3071	1280	3071	3050	1250	2787
3327	1280	3071	3281	1250	2789
3583	1280	3071	3554	1251	2787
3839	1280	3071	3808	1250	2784
4095	1280	3071	4062	1250	2787
0	1536	3071	0	1470	2813
256	1536	3071	261	1480	2800
512	1536	3071	518	1481	2800
768	1536	3071	768	1479	2794
1024	1536	3071	1021	1481	2796
1280	1536	3071	1288	1482	2794
1536	1536	3071	1525	1484	2796
1792	1536	3071	1776	1482	2790
2048	1536	3071	2025	1484	2793
2303	1536	3071	2292	1487	2795
2559	1536	3071	2545	1484	2792
2815	1536	3071	2799	1483	2788
3071	1536	3071	3048	1482	2786
3327	1536	3071	3278	1481	2784
3583	1536	3071	3553	1484	2786
3839	1536	3071	3807	1482	2784
4095	1536	3071	4064	1484	2782
0	1792	3071	0	1705	2813
256	1792	3071	260	1713	2799
512	1792	3071	517	1714	2798
768	1792	3071	768	1715	2794
1024	1792	3071	1022	1717	2794
1280	1792	3071	1287	1716	2793
1536	1792	3071	1524	1718	2795
1792	1792	3071	1775	1715	2791
2048	1792	3071	2024	1717	2791
2303	1792	3071	2291	1721	2794
2559	1792	3071	2544	1718	2790
2815	1792	3071	2798	1717	2787
3071	1792	3071	3047	1715	2784
3327	1792	3071	3281	1718	2782
3583	1792	3071	3551	1717	2785
3839	1792	3071	3807	1716	2782
4095	1792	3071	4065	1719	2785
0	2048	3071	0	1939	2817
256	2048	3071	259	1949	2797
512	2048	3071	516	1950	2796
768	2048	3071	768	1953	2797
1024	2048	3071	1021	1956	2797
1280	2048	3071	1286	1953	2792
1536	2048	3071	1523	1955	2794
1792	2048	3071	1774	1952	2789
2048	2048	3071	2024	1955	2791
2303	2048	3071	2289	1958	2793
2559	2048	3071	2543	1956	2790
2815	2048	3071	2796	1953	2786
3071	2048	3071	3045	1951	2783
3327	2048	3071	3281	1955	2787
3583	2048	3071	3549	1954	2783
3839	2048	3071	3806	1953	2783
4095	2048	3071	4063	1956	2785
0	2303	3071	0	2192	2810
256	2303	3071	258	2205	2796
512	2303	3071	515	2207	2795
768	2303	3071	766	2206	2795
1024	2303	3071	1018	2208	2795
1280	2303	3071	1285	2208	2791
1536	2303	3071	1521	2210	2792
1792	2303	3071	1772	2207	2788
2048	2303	3071	2022	2210	2791
2303	2303	3071	2287	2212	2792
2559	2303	3071	2541	2211	2789
2815	2303	3071	2794	2207	2785
3071	2303	3071	3042	2205	2782
3327	2303	3071	3275	2206	2784
3583	2303	3071	3548	2208	2783
3839	2303	3071	3803	2207	2781
4095	2303	3071	4061	2210	2783
0	2559	3071	0	2437	2809
256	2559	3071	257	2450	2795
512	2559	3071	514	2453	2794
768	2559	3071	764	2449	2788
1024	2559	3071	1016	2452	2790
1280	2559	3071	1284	2455	2790
1536	2559	3071	1518	2454	2791
1792	2559	3071	1772	2453	2786
2048	2559	3071	2021	2457	2789
2303	2559	3071	2286	2460	2790
2559	2559	3071	2540	2457	2788
2815	2559	3071	2793	2454	2783
3071	2559	3071	3042	2452	2780
3327	2559	3071	3272	2451	2779
3583	2559	3071	3547	2455	2782
3839	2559	3071	3802	2453	2779
4095	2559	3071	4059	2455	2782
0	2815	3071	0	2669	2808
256	2815	3071	257	2683	2792
512	2815	3071	513	2686	2793
768	2815	3071	764	2685	2788
1024	2815	3071	1016	2688	2789
1280	2815	3071	1282	2688	2789
1536	2815	3071	1518	2688	2785
1792	2815	3071	1772	2688	2786
2048	2815	3071	2021	2691	2788
2303	2815	3071	2286	2694	2790
2559	2815	3071	2540	2692	2786
2815	2815	3071	2793	2689	2783
3071	2815	3071	3042	2687	2781
3327	2815	3071	3272	2686	2778
3583	2815	3071	3547	2690	2782
3839	2815	3071	3803	2689	2779
4095	2815	3071	4060	2691	2779
0	3071	3071	0	2906	2809
256	3071	3071	256	2918	2792
512	3071	3071	512	2921	2792
768	3071	3071	765	2923	2792
1024	3071	3071	1016	2926	2793
1280	3071	3071	1281	2922	2789
1536	3071	3071	1518	2926	2790
1792	3071	3071	1771	2923	2786
2048	3071	3071	2020	2926	2787
2303	3071	3071	2285	2929	2788
2559	3071	3071	2539	2927	2787
2815	3071	3071	2792	2924	2782
3071	3071	3071	3041	2922	2780
3327	3071	3071	3274	2923	2779
3583	3071	3071	3546	2924	2781
3839	3071	3071	3803	2924	2779
4095	3071	3071	4061	2928	2783
0	3327	3071	0	3141	2813
256	3327	3071	256	3152	2792
512	3327	3071	512	3156	2792
768	3327	3071	763	3156	2792
1024	3327	3071	1015	3158	2792
1280	3327	3071	1281	3157	2788
1536	3327	3071	1517	3157	2789
1792	3327	3071	1770	3157	2785
2048	3327	3071	2021	3161	2787
2303	3327	3071	2284	3162	2788
2559	3327	3071	2538	3160	2786
2815	3327	3071	2793	3159	2783
3071	3327	3071	3042	3157	2780
3327	3327	3071	3276	3159	2783
3583	3327	3071	3545	3157	2781
3839	3327	3071	3803	3158	2779
4095	3327	3071	4059	3158	2781
0	3583	3071	0	3377	2811
256	3583	3071	256	3394	2796
512	3583	3071	512	3398	2796
768	3583	3071	763	3395	2790
1024	3583	3071	1015	3399	2791
1280	3583	3071	1281	3399	2792
1536	3583	3071	1516	3398	2788
1792	3583	3071	1772	3400	2789
2048	3583	3071	2022	3404	2790
2303	3583	3071	2285	3405	2788
2559	3583	3071	2540	3403	2786
2815	3583	3071	2795	3403	2787
3071	3583	3071	3044	3400	2785
3327	3583	3071	3275	3398	2783
3583	3583	3071	3546	3398	2780
3839	3583	3071	3805	3400	2782
4095	3583	3071	4061	3400	2781
0	3839	3071	0	3620	2812
256	3839	3071	256	3633	2796
512	3839	3071	511	3636	2795
768	3839	3071	764	3640	2795
1024	3839	3071	1016	3642	2796
1280	3839	3071	1281	3640	2792
1536	3839	3071	1518	3642	2793
1792	3839	3071	1772	3642	2790
2048	3839	3071	2021	3643	2790
2303	3839	3071	2287	3648	2793
2559	3839	3071	2542	3646	2791
2815	3839	3071	2795	3643	2788
3071	3839	3071	3043	3639	2785
3327	3839	3071	3275	3638	2781
3583	3839	3071	3549	3642	2785
3839	3839	3071	3806	3641	2782
4095	3839	3071	4064	3643	2784
0	4095	3071	0	3853	2815
256	4095	3071	255	3863	2794
512	4095	3071	510	3867	2794
768	4095	3071	762	3869	2794
1024	4095	3071	1014	3871	2794
1280	4095	3071	1281	3874	2795
1536	4095	3071	1515	3870	2791
1792	4095	3071	1772	3876	2793
2048	4095	3071	2019	3873	2789
2303	4095	3071	2285	3879	2791
2559	4095	3071	2539	3875	2788
2815	4095	3071	2792	3872	2785
3071	4095	3071	3041	3869	2782
3327	4095	3071	3276	3872	2785
3583	4095	3071	3547	3873	2783
3839	4095	3071	3807	3875	2785
4095	4095	3071	4060	3873	2783
0	0	3327	1	1	3048
256	0	3327	267	2	3033
512	0	3327	526	3	3032
768	0	3327	778	3	3033
1024	0	3327	1033	4	3033
1280	0	3327	1298	4	3027
1536	0	3327	1536	5	3029
1792	0	3327	1788	5	3024
2048	0	3327	2038	5	3025
2303	0	3327	2303	6	3027
2559	0	3327	2558	6	3023
2815	0	3327	2813	7	3021
3071	0	3327	3061	7	3017
3327	0	3327	3292	8	3015
3583	0	3327	3566	8	3017
3839	0	3327	3823	8	3016
4095	0	3327	4079	9	3018
0	256	3327	0	256	3049
256	256	3327	266	259	3034
512	256	3327	525	260	3033
768	256	3327	778	261	3033
1024	256	3327	1033	262	3034
1280	256	3327	1298	262	3028
1536	256	3327	1537	263	3030
1792	256	3327	1790	263	3025
2048	256	3327	2040	263	3026
2303	256	3327	2306	265	3028
2559	256	3327	2562	264	3025
2815	256	3327	2815	264	3022
3071	256	3327	3065	264	3018
3327	256	3327	3301	265	3017
3583	256	3327	3569	265	3018
3839	256	3327	3825	265	3017
4095	256	3327	4082	266	3019
0	512	3327	0	511	3052
256	512	3327	265	515	3038
512	512	3327	524	516	3036
768	512	3327	775	516	3035
1024	512	3327	1028	516	3036
1280	512	3327	1297	517	3032
1536	512	3327	1532	517	3032
1792	512	3327	1788	518	3028
2048	512	3327	2039	520	3030
2303	512	3327	2301	519	3031
2559	512	3327	2555	518	3028
2815	512	3327	2815	520	3025
3071	512	3327	3063	519	3022
3327	512	3327	3296	519	3025
3583	512	3327	3563	519	3021
3839	512	3327	3824	520	3020
4095	512	3327	4076	520	3021
0	768	3327	0	752	3051
256	768	3327	264	757	3037
512	768	3327	523	759	3036
768	768	3327	774	757	3029
1024	768	3327	1027	759	3030
1280	768	3327	1296	760	3030
1536	768	3327	1530	759	3026
1792	768	3327	1786	760	3027
2048	768	3327	2037	762	3030
2303	768	3327	2303	763	3027
2559	768	3327	2557	762	3023
2815	768	3327	2811	761	3026
3071	768	3327	3062	761	3021
3327	768	3327	3291	761	3020
3583	768	3327	3561	760	3016
3839	768	3327	3821	761	3020
4095	768	3327	4073	761	3017
0	1024	3327	0	990	3049
256	1024	3327	263	996	3034
512	1024	3327	521	998	3033
768	1024	3327	773	999	3028
1024	1024	3327	1026	1000	3029
1280	1024	3327	1292	999	3029
1536	1024	3327	1529	1000	3024
1792	1024	3327	1781	999	3024
2048	1024	3327	2031	1001	3026
2303	1024	3327	2298	1003	3029
2559	1024	3327	2551	1002	3025
2815	1024	3327	2805	1001	3021
3071	1024	3327	3056	1000	3019
3327	1024	3327	3285	999	3016
3583	1024	3327	3559	1001	3015
3839	1024	3327	3815	1000	3016
4095	1024	3327	4073	1002	3015
0	1280	3327	0	1241	3043
256	1280	3327	262	1249	3028
512	1280	3327	520	1250	3027
768	1280	3327	770	1249	3026
1024	1280	3327	1023	1251	3026
1280	1280	3327	1290	1251	3021
1536	1280	3327	1525	1251	3022
1792	1280	3327	1779	1251	3018
2048	1280	3327	2029	1253	3020
2303	1280	3327	2295	1255	3023
2559	1280	3327	2549	1254	3019
2815	1280	3327	2803	1253	3015
3071	1280	3327	3053	1252	3014
3327	1280	3327	3283	1251	3010
3583	1280	3327	3558	1253	3014
3839	1280	3327	3813	1252	3012
4095	1280	3327	4067	1252	3014
0	1536	3327	0	1473	3041
256	1536	3327	261	1482	3026
512	1536	3327	519	1484	3026
768	1536	3327	769	1482	3020
1024	1536	3327	1023	1484	3021
1280	1536	3327	1290	1485	3021
1536	1536	3327	1524	1483	3017
1792	1536	3327	1779	1485	3017
2048	1536	3327	2028	1486	3019
2303	1536	3327	2294	1489	3021
2559	1536	3327	2548	1487	3018
2815	1536	3327	2802	1486	3015
3071	1536	3327	3051	1484	3012
3327	1536	3327	3281	1483	3010
3583	1536	3327	3557	1487	3014
3839	1536	3327	3812	1485	3011
4095	1536	3327	4064	1484	3009
0	1792	3327	0	1706	3041
256	1792	3327	260	1715	3025
512	1792	3327	518	1717	3025
768	1792	3327	769	1717	3021
1024	1792	3327	1023	1720	3021
1280	1792	3327	1289	1719	3020
1536	1792	3327	1525	1720	3018
1792	1792	3327	1777	1718	3017
2048	1792	3327	2027	1720	3018
2303	1792	3327	2293	1723	3021
2559	1792	3327	2546	1721	3017
2815	1792	3327	2800	1719	3014
3071	1792	3327	3051	1719	3011
3327	1792	3327	3284	1720	3009
3583	1792	3327	3554	1719	3013
3839	1792	3327	3811	1719	3010
4095	1792	3327	4066	1720	3008
0	2048	3327	0	1941	3039
256	2048	3327	259	1951	3023
512	2048	3327	516	1953	3022
768	2048	3327	768	1956	3022
1024	2048	3327	1023	1959	3023
1280	2048	3327	1288	1957	3019
1536	2048	3327	1524	1958	3020
1792	2048	3327	1775	1954	3015
2048	2048	3327	2026	1958	3017
2303	2048	3327	2291	1961	3020
2559	2048	3327	2545	1958	3016
2815	2048	3327	2798	1956	3012
3071	2048	3327	3049	1955	3012
3327	2048	3327	3281	1956	3012
3583	2048	3327	3553	1957	3011
3839	2048	3327	3810	1956	3009
4095	2048	3327	4067	1958	3011
0	2303	3327	0	2195	3037
256	2303	3327	259	2207	3021
512	2303	3327	515	2209	3020
768	2303	3327	767	2208	3020
1024	2303	3327	1020	2211	3021
1280	2303	3327	1286	2212	3018
1536	2303	3327	1521	2210	3017
1792	2303	3327	1774	2209	3013
2048	2303	3327	2024	2213	3017
2303	2303	3327	2290	2216	3018
2559	2303	3327	2544	2213	3015
2815	2303	3327	2797	2211	3012
3071	2303	3327	3046	2209	3009
3327	2303	3327	3277	2208	3007
3583	2303	3327	3552	2212	3010
3839	2303	3327	3809	2211	3009
4095	2303	3327	4062	2210	3009
0	2559	3327	0	2440	3034
256	2559	3327	258	2453	3020
512	2559	3327	515	2456	3020
768	2559	3327	765	2452	3014
1024	2559	3327	1018	2455	3015
1280	2559	3327	1285	2458	3017
1536	2559	3327	1519	2455	3013
1792	2559	3327	1774	2457	3013
2048	2559	3327	2023	2459	3015
2303	2559	3327	2289	2463	3017
2559	2559	3327	2543	2460	3014
2815	2559	3327	2797	2459	3011
3071	2559	3327	3046	2456	3008
3327	2559	3327	3276	2454	3006
3583	2559	3327	3551	2459	3009
3839	2559	3327	3807	2457	3007
4095	2559	3327	4059	2454	3004
0	2815	3327	0	2672	3033
256	2815	3327	257	2686	3019
512	2815	3327	514	2689	3019
768	2815	3327	765	2688	3014
1024	2815	3327	1018	2691	3016
1280	2815	3327	1284	2691	3016
1536	2815	3327	1519	2691	3012
1792	2815	3327	1773	2691	3013
2048	2815	3327	2023	2694	3015
2303	2815	3327	2288	2698	3017
2559	2815	3327	2542	2695	3014
2815	2815	3327	2796	2693	3012
3071	2815	3327	3046	2691	3008
3327	2815	3327	3275	2688	3005
3583	2815	3327	3551	2693	3009
3839	2815	3327	3806	2691	3006
4095	2815	3327	4062	2692	3004
0	3071	3327	0	2908	3034
256	3071	3327	256	2921	3018
512	3071	3327	513	2924	3018
768	3071	3327	766	2927	3018
1024	3071	3327	1018	2929	3019
1280	3071	3327	1282	2925	3015
1536	3071	3327	1520	2929	3017
1792	3071	3327	1772	2926	3012
2048	3071	3327	2022	2929	3013
2303	3071	3327	2287	2933	3016
2559	3071	3327	2541	2930	3013
2815	3071	3327	2794	2927	3009
3071	3071	3327	3044	2925	3007
3327	3071	3327	3276	2925	3004
3583	3071	3327	3549	2928	3008
3839	3071	3327	3805	2925	3005
4095	3071	3327	4064	2930	3008
0	3327	3327	0	3144	3038
256	3327	3327	256	3156	3019
512	3327	3327	513	3159	3019
768	3327	3327	764	3158	3018
1024	3327	3327	1017	3162	3019
1280	3327	3327	1282	3161	3015
1536	3327	3327	1518	3161	3015
1792	3327	3327	1772	3161	3012
2048	3327	3327	2023	3165	3014
2303	3327	3327	2286	3165	3015
2559	3327	3327	2540	3163	3013
2815	3327	3327	2795	3162	3010
3071	3327	3327	3044	3160	3007
3327	3327	3327	3279	3162	3009
3583	3327	3327	3548	3160	3007
3839	3327	3327	3807	3161	3006
4095	3327	3327	4063	3162	3008
0	3583	3327	0	3381	3039
256	3583	3327	256	3398	3023
512	3583	3327	513	3402	3023
768	3583	3327	764	3399	3018
1024	3583	3327	1016	3403	3020
1280	3583	3327	1283	3404	3020
1536	3583	3327	1518	3403	3016
1792	3583	3327	1774	3405	3017
2048	3583	3327	2024	3408	3018
2303	3583	3327	2287	3408	3015
2559	3583	3327	2542	3406	3013
2815	3583	3327	2798	3408	3015
3071	3583	3327	3047	3404	3012
3327	3583	3327	3278	3401	3009
3583	3583	3327	3549	3402	3007
3839	3583	3327	3810	3405	3010
4095	3583	3327	4064	3404	3008
0	3839	3327	0	3622	3041
256	3839	3327	256	3637	3023
512	3839	3327	512	3640	3022
768	3839	3327	764	3644	3023
1024	3839	3327	1017	3646	3023
1280	3839	3327	1283	3645	3020
1536	3839	3327	1519	3646	3020
1792	3839	3327	1774	3646	3017
2048	3839	3327	2023	3647	3017
2303	3839	3327	2289	3652	3019
2559	3839	3327	2544	3649	3017
2815	3839	3327	2797	3646	3014
3071	3839	3327	3046	3643	3011
3327	3839	3327	3278	3642	3009
3583	3839	3327	3552	3645	3011
3839	3839	3327	3811	3647	3011
4095	3839	3327	4068	3647	3012
0	4095	3327	0	3856	3044
256	4095	3327	255	3868	3022
512	4095	3327	511	3871	3021
768	4095	3327	762	3872	3020
1024	4095	3327	1015	3874	3020
1280	4095	3327	1282	3879	3022
1536	4095	3327	1516	3874	3017
1792	4095	3327	1773	3879	3019
2048	4095	3327	2021	3877	3015
2303	4095	3327	2287	3884	3019
2559	4095	3327	2542	3880	3016
2815	4095	3327	2795	3877	3012
3071	4095	3327	3045	3875	3010
3327	4095	3327	3280	3877	3011
3583	4095	3327	3551	3878	3011
3839	4095	3327	3813	3882	3013
4095	4095	3327	4065	3878	3010
0	0	3583	1	1	3274
256	0	3583	268	2	3253
512	0	3583	527	3	3251
768	0	3583	779	3	3252
1024	0	3583	1034	4	3251
1280	0	3583	1299	4	3246
1536	0	3583	1538	5	3248
1792	0	3583	1792	5	3247
2048	0	3583	2041	6	3244
2303	0	3583	2306	6	3246
2559	0	3583	2561	6	3242
2815	0	3583	2814	7	3238
3071	0	3583	3064	7	3235
3327	0	3583	3299	8	3237
3583	0	3583	3569	8	3236
3839	0	3583	3830	9	3238
4095	0	3583	4082	9	3236
0	256	3583	0	258	3275
256	256	3583	267	260	3254
512	256	3583	526	261	3252
768	256	3583	779	262	3252
1024	256	3583	1034	263	3253
1280	256	3583	1302	263	3248
1536	256	3583	1538	263	3249
1792	256	3583	1793	264	3248
2048	256	3583	2042	264	3245
2303	256	3583	2307	265	3247
2559	256	3583	2563	265	3243
2815	256	3583	2816	265	3239
3071	256	3583	3067	265	3236
3327	256	3583	3304	266	3239
3583	256	3583	3572	266	3237
3839	256	3583	3833	266	3240
4095	256	3583	4087	266	3238
0	512	3583	0	512	3275
256	512	3583	266	516	3256
512	512	3583	525	517	3255
768	512	3583	776	516	3252
1024	512	3583	1030	517	3253
1280	512	3583	1299	518	3253
1536	512	3583	1533	518	3249
1792	512	3583	1790	519	3250
2048	512	3583	2041	520	3248
2303	512	3583	2306	521	3250
2559	512	3583	2561	520	3247
2815	512	3583	2815	520	3243
3071	512	3583	3066	520	3240
3327	512	3583	3298	520	3242
3583	512	3583	3570	520	3240
3839	512	3583	3829	521	3242
4095	512	3583	4080	520	3240
0	768	3583	0	753	3272
256	768	3583	265	758	3255
512	768	3583	524	760	3254
768	768	3583	776	760	3248
1024	768	3583	1029	760	3248
1280	768	3583	1297	761	3249
1536	768	3583	1535	762	3245
1792	768	3583	1788	761	3245
2048	768	3583	2039	763	3248
2303	768	3583	2305	765	3249
2559	768	3583	2560	763	3245
2815	768	3583	2814	763	3243
3071	768	3583	3065	762	3239
3327	768	3583	3295	762	3238
3583	768	3583	3569	763	3239
3839	768	3583	3826	763	3239
4095	768	3583	4082	764	3237
0	1024	3583	0	994	3271
256	1024	3583	263	998	3252
512	1024	3583	522	1000	3251
768	1024	3583	775	1002	3250
1024	1024	3583	1028	1002	3248
1280	1024	3583	1293	1001	3246
1536	1024	3583	1531	1002	3247
1792	1024	3583	1786	1003	3243
2048	1024	3583	2034	1002	3244
2303	1024	3583	2301	1005	3247
2559	1024	3583	2555	1003	3243
2815	1024	3583	2810	1003	3240
3071	1024	3583	3059	1002	3237
3327	1024	3583	3293	1003	3236
3583	1024	3583	3564	1003	3238
3839	1024	3583	3823	1003	3237
4095	1024	3583	4077	1004	3238
0	1280	3583	0	1243	3266
256	1280	3583	262	1250	3246
512	1280	3583	520	1252	3245
768	1280	3583	773	1253	3246
1024	1280	3583	1026	1254	3246
1280	1280	3583	1292	1253	3240
1536	1280	3583	1528	1253	3241
1792	1280	3583	1782	1254	3240
2048	1280	3583	2031	1255	3239
2303	1280	3583	2298	1257	3242
2559	1280	3583	2552	1256	3238
2815	1280	3583	2806	1254	3236
3071	1280	3583	3056	1253	3232
3327	1280	3583	3287	1253	3232
3583	1280	3583	3560	1254	3233
3839	1280	3583	3817	1254	3233
4095	1280	3583	4074	1255	3233
0	1536	3583	0	1475	3260
256	1536	3583	262	1484	3244
512	1536	3583	520	1485	3244
768	1536	3583	772	1486	3243
1024	1536	3583	1026	1488	3243
1280	1536	3583	1291	1486	3239
1536	1536	3583	1527	1487	3238
1792	1536	3583	1781	1486	3236
2048	1536	3583	2030	1488	3237
2303	1536	3583	2297	1491	3240
2559	1536	3583	2551	1489	3237
2815	1536	3583	2804	1487	3233
3071	1536	3583	3054	1486	3231
3327	1536	3583	3284	1485	3227
3583	1536	3583	3559	1488	3231
3839	1536	3583	3815	1486	3229
4095	1536	3583	4071	1487	3231
0	1792	3583	0	1709	3260
256	1792	3583	261	1717	3243
512	1792	3583	518	1719	3243
768	1792	3583	770	1720	3242
1024	1792	3583	1025	1723	3243
1280	1792	3583	1291	1723	3239
1536	1792	3583	1527	1722	3239
1792	1792	3583	1780	1722	3236
2048	1792	3583	2029	1722	3236
2303	1792	3583	2295	1725	3239
2559	1792	3583	2549	1723	3236
2815	1792	3583	2803	1721	3232
3071	1792	3583	3053	1720	3230
3327	1792	3583	3287	1722	3228
3583	1792	3583	3558	1722	3230
3839	1792	3583	3817	1722	3229
4095	1792	3583	4071	1722	3229
0	2048	3583	0	1946	3261
256	2048	3583	260	1954	3241
512	2048	3583	517	1956	3241
768	2048	3583	769	1958	3241
1024	2048	3583	1024	1961	3242
1280	2048	3583	1290	1959	3240
1536	2048	3583	1526	1961	3238
1792	2048	3583	1780	1960	3237
2048	2048	3583	2027	1960	3235
2303	2048	3583	2294	1962	3238
2559	2048	3583	2547	1960	3234
2815	2048	3583	2802	1959	3231
3071	2048	3583	3052	1958	3229
3327	2048	3583	3287	1960	3232
3583	2048	3583	3557	1959	3229
3839	2048	3583	3818	1961	3231
4095	2048	3583	4071	1961	3230
0	2303	3583	0	2199	3259
256	2303	3583	259	2210	3240
512	2303	3583	516	2212	3239
768	2303	3583	768	2213	3239
1024	2303	3583	1022	2215	3240
1280	2303	3583	1288	2214	3236
1536	2303	3583	1524	2215	3237
1792	2303	3583	1777	2213	3235
2048	2303	3583	2026	2215	3235
2303	2303	3583	2292	2218	3237
2559	2303	3583	2546	2215	3233
2815	2303	3583	2800	2214	3230
3071	2303	3583	3050	2212	3228
3327	2303	3583	3285	2214	3229
3583	2303	3583	3555	2214	3228
3839	2303	3583	3814	2215	3229
4095	2303	3583	4069	2215	3229
0	2559	3583	0	2443	3256
256	2559	3583	259	2456	3239
512	2559	3583	516	2459	3239
768	2559	3583	768	2459	3237
1024	2559	3583	1021	2462	3238
1280	2559	3583	1286	2460	3235
1536	2559	3583	1523	2461	3235
1792	2559	3583	1775	2459	3231
2048	2559	3583	2025	2462	3234
2303	2559	3583	2291	2465	3236
2559	2559	3583	2546	2463	3233
2815	2559	3583	2799	2461	3230
3071	2559	3583	3049	2459	3227
3327	2559	3583	3281	2459	3227
3583	2559	3583	3555	2462	3228
3839	2559	3583	3811	2460	3225
4095	2559	3583	4068	2461	3227
0	2815	3583	0	2677	3256
256	2815	3583	258	2690	3238
512	2815	3583	515	2692	3238
768	2815	3583	767	2694	3237
1024	2815	3583	1020	2697	3238
1280	2815	3583	1285	2694	3234
1536	2815	3583	1522	2696	3234
1792	2815	3583	1775	2694	3231
2048	2815	3583	2025	2697	3233
2303	2815	3583	2290	2701	3235
2559	2815	3583	2545	2698	3232
2815	2815	3583	2798	2696	3229
3071	2815	3583	3047	2693	3226
3327	2815	3583	3280	2694	3224
3583	2815	3583	3554	2696	3227
3839	2815	3583	3810	2694	3224
4095	2815	3583	4068	2696	3226
0	3071	3583	0	2915	3261
256	3071	3583	257	2924	3237
512	3071	3583	514	2927	3237
768	3071	3583	767	2930	3238
1024	3071	3583	1019	2932	3238
1280	3071	3583	1284	2930	3234
1536	3071	3583	1521	2932	3235
1792	3071	3583	1776	2932	3232
2048	3071	3583	2024	2933	3233
2303	3071	3583	2289	2936	3235
2559	3071	3583	2544	2933	3231
2815	3071	3583	2797	2930	3228
3071	3071	3583	3048	2930	3226
3327	3071	3583	3282	2932	3227
3583	3071	3583	3552	2930	3226
3839	3071	3583	3811	2931	3224
4095	3071	3583	4068	2933	3226
0	3327	3583	0	3149	3263
256	3327	3583	256	3159	3239
512	3327	3583	514	3162	3238
768	3327	3583	765	3163	3237
1024	3327	3583	1018	3165	3237
1280	3327	3583	1285	3167	3238
1536	3327	3583	1520	3165	3234
1792	3327	3583	1776	3168	3235
2048	3327	3583	2025	3168	3233
2303	3327	3583	2290	3172	3236
2559	3327	3583	2544	3168	3232
2815	3327	3583	2798	3166	3229
3071	3327	3583	3051	3167	3230
3327	3327	3583	3283	3167	3229
3583	3327	3583	3553	3165	3227
3839	3327	3583	3813	3167	3228
4095	3327	3583	4067	3166	3226
0	3583	3583	0	3388	3264
256	3583	3583	256	3402	3242
512	3583	3583	514	3405	3242
768	3583	3583	765	3405	3238
1024	3583	3583	1018	3407	3239
1280	3583	3583	1284	3408	3238
1536	3583	3583	1520	3407	3235
1792	3583	3583	1776	3409	3236
2048	3583	3583	2027	3413	3237
2303	3583	3583	2292	3416	3239
2559	3583	3583	2546	3412	3235
2815	3583	3583	2800	3411	3233
3071	3583	3583	3051	3409	3231
3327	3583	3583	3284	3409	3230
3583	3583	3583	3556	3410	3230
3839	3583	3583	3815	3411	3230
4095	3583	3583	4069	3408	3228
0	3839	3583	0	3631	3268
256	3839	3583	256	3642	3243
512	3839	3583	513	3646	3242
768	3839	3583	765	3648	3241
1024	3839	3583	1018	3650	3242
1280	3839	3583	1284	3648	3239
1536	3839	3583	1521	3650	3239
1792	3839	3583	1775	3649	3236
2048	3839	3583	2026	3653	3238
2303	3839	3583	2292	3657	3240
2559	3839	3583	2546	3652	3235
2815	3839	3583	2800	3651	3233
3071	3839	3583	3050	3648	3231
3327	3839	3583	3285	3651	3232
3583	3839	3583	3556	3650	3230
3839	3839	3583	3818	3654	3233
4095	3839	3583	4072	3652	3231
0	4095	3583	0	3861	3267
256	4095	3583	256	3876	3243
512	4095	3583	513	3880	3243
768	4095	3583	764	3879	3240
1024	4095	3583	1016	3880	3239
1280	4095	3583	1284	3884	3241
1536	4095	3583	1519	3881	3237
1792	4095	3583	1775	3884	3237
2048	4095	3583	2025	3887	3238
2303	4095	3583	2290	3889	3238
2559	4095	3583	2544	3884	3234
2815	4095	3583	2800	3886	3234
3071	4095	3583	3051	3883	3232
3327	4095	3583	3283	3882	3230
3583	4095	3583	3555	3883	3230
3839	4095	3583	3816	3886	3232
4095	4095	3583	4071	3885	3230
0	0	3839	1	2	3508
256	0	3839	269	2	3486
512	0	3839	529	3	3485
768	0	3839	781	3	3482
1024	0	3839	1035	4	3481
1280	0	3839	1304	5	3480
1536	0	3839	1540	5	3477
1792	0	3839	1796	5	3479
2048	0	3839	2046	6	3479
2303	0	3839	2309	6	3476
2559	0	3839	2565	6	3472
2815	0	3839	2820	7	3472
3071	0	3839	3072	7	3469
3327	0	3839	3305	8	3469
3583	0	3839	3573	8	3466
3839	0	3839	3836	9	3470
4095	0	3839	4088	9	3467
0	256	3839	0	259	3509
256	256	3839	268	261	3487
512	256	3839	528	262	3486
768	256	3839	780	263	3483
1024	256	3839	1035	263	3483
1280	256	3839	1305	264	3483
1536	256	3839	1540	264	3478
1792	256	3839	1796	265	3480
2048	256	3839	2047	265	3480
2303	256	3839	2313	266	3479
2559	256	3839	2569	266	3476
2815	256	3839	2823	266	3474
3071	256	3839	3074	266	3471
3327	256	3839	3307	266	3471
3583	256	3839	3576	266	3468
3839	256	3839	3839	267	3472
4095	256	3839	4092	267	3469
0	512	3839	0	513	3507
256	512	3839	266	517	3488
512	512	3839	526	518	3487
768	512	3839	778	518	3484
1024	512	3839	1033	519	3485
1280	512	3839	1301	519	3484
1536	512	3839	1537	520	3479
1792	512	3839	1792	520	3480
2048	512	3839	2043	521	3481
2303	512	3839	2309	522	3483
2559	512	3839	2565	522	3479
2815	512	3839	2818	521	3475
3071	512	3839	3070	521	3473
3327	512	3839	3304	522	3473
3583	512	3839	3575	522	3471
3839	512	3839	3833	522	3473
4095	512	3839	4087	522	3471
0	768	3839	0	756	3504
256	768	3839	265	759	3484
512	768	3839	525	761	3483
768	768	3839	778	762	3483
1024	768	3839	1032	763	3482
1280	768	3839	1301	764	3480
1536	768	3839	1538	764	3478
1792	768	3839	1792	764	3477
2048	768	3839	2041	764	3478
2303	768	3839	2308	766	3480
2559	768	3839	2563	765	3476
2815	768	3839	2817	764	3472
3071	768	3839	3068	764	3470
3327	768	3839	3302	765	3471
3583	768	3839	3575	765	3471
3839	768	3839	3833	765	3470
4095	768	3839	4088	765	3470
0	1024	3839	0	996	3503
256	1024	3839	264	1001	3481
512	1024	3839	524	1003	3481
768	1024	3839	776	1003	3480
1024	1024	3839	1029	1003	3479
1280	1024	3839	1297	1004	3479
1536	1024	3839	1533	1004	3477
1792	1024	3839	1790	1005	3476
2048	1024	3839	2038	1006	3475
2303	1024	3839	2303	1006	3476
2559	1024	3839	2557	1005	3473
2815	1024	3839	2815	1005	3471
3071	1024	3839	3065	1005	3468
3327	1024	3839	3297	1005	3468
3583	1024	3839	3568	1004	3468
3839	1024	3839	3830	1007	3469
4095	1024	3839	4082	1005	3468
0	1280	3839	0	1247	3497
256	1280	3839	263	1252	3477
512	1280	3839	521	1254	3477
768	1280	3839	774	1255	3474
1024	1280	3839	1028	1256	3475
1280	1280	3839	1295	1257	3473
1536	1280	3839	1530	1256	3470
1792	1280	3839	1786	1257	3472
2048	1280	3839	2034	1257	3471
2303	1280	3839	2300	1259	3471
2559	1280	3839	2555	1257	3468
2815	1280	3839	2810	1256	3467
3071	1280	3839	3063	1257	3465
3327	1280	3839	3293	1256	3463
3583	1280	3839	3564	1256	3462
3839	1280	3839	3825	1258	3465
4095	1280	3839	4079	1258	3463
0	1536	3839	0	1479	3493
256	1536	3839	262	1485	3472
512	1536	3839	520	1487	3472
768	1536	3839	773	1489	3473
1024	1536	3839	1028	1491	3474
1280	1536	3839	1294	1491	3472
1536	1536	3839	1529	1490	3469
1792	1536	3839	1784	1490	3469
2048	1536	3839	2033	1490	3467
2303	1536	3839	2299	1493	3470
2559	1536	3839	2554	1491	3467
2815	1536	3839	2807	1489	3462
3071	1536	3839	3061	1491	3464
3327	1536	3839	3291	1489	3460
3583	1536	3839	3563	1489	3460
3839	1536	3839	3823	1491	3462
4095	1536	3839	4078	1491	3461
0	1792	3839	0	1713	3492
256	1792	3839	262	1722	3473
512	1792	3839	520	1723	3473
768	1792	3839	772	1723	3472
1024	1792	3839	1027	1726	3473
1280	1792	3839	1294	1727	3472
1536	1792	3839	1528	1725	3469
1792	1792	3839	1784	1726	3468
2048	1792	3839	2033	1727	3468
2303	1792	3839	2299	1729	3470
2559	1792	3839	2554	1727	3467
2815	1792	3839	2808	1725	3462
3071	1792	3839	3059	1725	3463
3327	1792	3839	3292	1725	3460
3583	1792	3839	3564	1726	3461
3839	1792	3839	3824	1726	3461
4095	1792	3839	4077	1725	3460
0	2048	3839	0	1950	3493
256	2048	3839	261	1960	3475
512	2048	3839	519	1962	3474
768	2048	3839	770	1961	3470
1024	2048	3839	1025	1963	3471
1280	2048	3839	1293	1964	3472
1536	2048	3839	1527	1962	3468
1792	2048	3839	1783	1963	3468
2048	2048	3839	2032	1964	3469
2303	2048	3839	2297	1965	3470
2559	2048	3839	2551	1963	3466
2815	2048	3839	2807	1962	3464
3071	2048	3839	3057	1962	3461
3327	2048	3839	3291	1962	3461
3583	2048	3839	3561	1962	3461
3839	2048	3839	3823	1964	3462
4095	2048	3839	4075	1962	3459
0	2303	3839	0	2204	3492
256	2303	3839	260	2213	3471
512	2303	3839	517	2215	3471
768	2303	3839	769	2216	3469
1024	2303	3839	1023	2219	3470
1280	2303	3839	1291	2220	3470
1536	2303	3839	1526	2218	3467
1792	2303	3839	1781	2219	3467
2048	2303	3839	2029	2218	3466
2303	2303	3839	2294	2221	3467
2559	2303	3839	2548	2217	3462
2815	2303	3839	2803	2217	3461
3071	2303	3839	3056	2218	3460
3327	2303	3839	3289	2218	3460
3583	2303	3839	3559	2217	3457
3839	2303	3839	3820	2219	3460
4095	2303	3839	4074	2218	3458
0	2559	3839	0	2449	3491
256	2559	3839	259	2458	3468
512	2559	3839	516	2460	3467
768	2559	3839	768	2463	3468
1024	2559	3839	1022	2465	3469
1280	2559	3839	1290	2466	3468
1536	2559	3839	1526	2466	3466
1792	2559	3839	1780	2466	3466
2048	2559	3839	2027	2464	3463
2303	2559	3839	2293	2468	3466
2559	2559	3839	2548	2466	3462
2815	2559	3839	2801	2463	3458
3071	2559	3839	3055	2465	3460
3327	2559	3839	3288	2465	3459
3583	2559	3839	3559	2464	3457
3839	2559	3839	3818	2465	3458
4095	2559	3839	4074	2466	3458
0	2815	3839	0	2684	3494
256	2815	3839	258	2694	3468
512	2815	3839	516	2696	3467
768	2815	3839	768	2698	3467
1024	2815	3839	1021	2700	3468
1280	2815	3839	1288	2700	3467
1536	2815	3839	1525	2701	3466
1792	2815	3839	1780	2702	3465
2048	2815	3839	2029	2702	3464
2303	2815	3839	2292	2703	3465
2559	2815	3839	2547	2701	3462
2815	2815	3839	2802	2700	3459
3071	2815	3839	3054	2699	3458
3327	2815	3839	3287	2700	3457
3583	2815	3839	3558	2699	3456
3839	2815	3839	3817	2700	3457
4095	2815	3839	4073	2701	3457
0	3071	3839	0	2920	3496
256	3071	3839	258	2931	3470
512	3071	3839	516	2934	3470
768	3071	3839	767	2933	3466
1024	3071	3839	1020	2935	3467
1280	3071	3839	1287	2936	3467
1536	3071	3839	1523	2936	3464
1792	3071	3839	1779	2939	3465
2048	3071	3839	2029	2941	3466
2303	3071	3839	2293	2941	3465
2559	3071	3839	2547	2938	3462
2815	3071	3839	2803	2938	3461
3071	3071	3839	3054	2936	3459
3327	3071	3839	3286	2936	3458
3583	3071	3839	3558	2935	3457
3839	3071	3839	3817	2937	3457
4095	3071	3839	4072	2936	3456
0	3327	3839	0	3152	3495
256	3327	3839	257	3165	3471
512	3327	3839	515	3168	3470
768	3327	3839	767	3167	3467
1024	3327	3839	1019	3170	3468
1280	3327	3839	1287	3171	3468
1536	3327	3839	1522	3170	3465
1792	3327	3839	1779	3173	3466
2048	3327	3839	2029	3175	3466
2303	3327	3839	2294	3178	3469
2559	3327	3839	2549	3175	3465
2815	3327	3839	2803	3172	3462
3071	3327	3839	3055	3172	3461
3327	3327	3839	3287	3171	3459
3583	3327	3839	3560	3172	3460
3839	3327	3839	3818	3172	3459
4095	3327	3839	4073	3171	3457
0	3583	3839	0	3393	3497
256	3583	3839	257	3407	3473
512	3583	3839	515	3410	3472
768	3583	3839	767	3411	3470
1024	3583	3839	1020	3414	3471
1280	3583	3839	1286	3413	3469
1536	3583	3839	1523	3414	3468
1792	3583	3839	1778	3414	3466
2048	3583	3839	2030	3419	3469
2303	3583	3839	2295	3421	3469
2559	3583	3839	2549	3417	3466
2815	3583	3839	2804	3415	3464
3071	3583	3839	3055	3414	3462
3327	3583	3839	3290	3416	3463
3583	3583	3839	3561	3415	3461
3839	3583	3839	3820	3415	3461
4095	3583	3839	4076	3415	3461
0	3839	3839	0	3636	3500
256	3839	3839	256	3651	3476
512	3839	3839	515	3654	3476
768	3839	3839	767	3654	3473
1024	3839	3839	1019	3655	3472
1280	3839	3839	1287	3656	3472
1536	3839	3839	1523	3655	3470
1792	3839	3839	1779	3657	3469
2048	3839	3839	2031	3662	3472
2303	3839	3839	2295	3662	3471
2559	3839	3839	2549	3657	3466
2815	3839	3839	2805	3658	3466
3071	3839	3839	3056	3656	3464
3327	3839	3839	3290	3656	3463
3583	3839	3839	3560	3655	3462
3839	3839	3839	3823	3659	3465
4095	3839	3839	4078	3657	3464
0	4095	3839	0	3866	3498
256	4095	3839	256	3882	3474
512	4095	3839	514	3886	3473
768	4095	3839	766	3887	3473
1024	4095	3839	1018	3886	3470
1280	4095	3839	1286	3890	3471
1536	4095	3839	1522	3889	3470
1792	4095	3839	1777	3889	3468
2048	4095	3839	2028	3892	3468
2303	4095	3839	2294	3897	3470
2559	4095	3839	2548	3892	3466
2815	4095	3839	2803	3890	3464
3071	4095	3839	3055	3889	3462
3327	4095	3839	3287	3888	3461
3583	4095	3839	3560	3890	3462
3839	4095	3839	3820	3891	3463
4095	4095	3839	4078	3892	3463
0	0	4095	2	2	3742
256	0	4095	269	2	3718
512	0	4095	529	3	3719
768	0	4095	782	4	3716
1024	0	4095	1036	4	3715
1280	0	4095	1304	5	3713
1536	0	4095	1541	5	3712
1792	0	4095	1795	5	3710
2048	0	4095	2047	6	3712
2303	0	4095	2311	6	3711
2559	0	4095	2566	7	3707
2815	0	4095	2822	7	3707
3071	0	4095	3074	7	3704
3327	0	4095	3304	8	3701
3583	0	4095	3577	8	3702
3839	0	4095	3836	9	3703
4095	0	4095	4092	9	3703
0	256	4095	0	259	3743
256	256	4095	268	261	3721
512	256	4095	528	263	3721
768	256	4095	781	263	3718
1024	256	4095	1036	264	3718
1280	256	4095	1304	264	3715
1536	256	4095	1542	264	3714
1792	256	4095	1796	265	3712
2048	256	4095	2048	265	3714
2303	256	4095	2314	267	3715
2559	256	4095	2570	266	3711
2815	256	4095	2824	266	3709
3071	256	4095	3076	266	3706
3327	256	4095	3310	267	3705
3583	256	4095	3580	267	3704
3839	256	4095	3839	267	3705
4095	256	4095	4095	268	3706
0	512	4095	0	514	3742
256	512	4095	267	518	3722
512	512	4095	526	519	3721
768	512	4095	779	519	3718
1024	512	4095	1034	520	3719
1280	512	4095	1302	520	3717
1536	512	4095	1539	520	3714
1792	512	4095	1793	521	3713
2048	512	4095	2042	521	3713
2303	512	4095	2309	522	3715
2559	512	4095	2565	522	3712
2815	512	4095	2818	521	3708
3071	512	4095	3073	522	3707
3327	512	4095	3306	522	3708
3583	512	4095	3575	522	3705
3839	512	4095	3835	523	3706
4095	512	4095	4090	523	3706
0	768	4095	0	757	3741
256	768	4095	266	760	3719
512	768	4095	526	762	3718
768	768	4095	778	762	3715
1024	768	4095	1033	763	3716
1280	768	4095	1302	764	3716
1536	768	4095	1537	763	3712
1792	768	4095	1793	765	3712
2048	768	4095	2043	765	3710
2303	768	4095	2309	767	3714
2559	768	4095	2566	766	3710
2815	768	4095	2819	765	3706
3071	768	4095	3071	765	3705
3327	768	4095	3304	765	3705
3583	768	4095	3575	765	3703
3839	768	4095	3836	766	3705
4095	768	4095	4089	765	3703
0	1024	4095	0	996	3737
256	1024	4095	264	1002	3715
512	1024	4095	524	1004	3715
768	1024	4095	776	1003	3712
1024	1024	4095	1030	1004	3713
1280	1024	4095	1298	1005	3712
1536	1024	4095	1534	1005	3709
1792	1024	4095	1790	1005	3709
2048	1024	4095	2040	1007	3710
2303	1024	4095	2304	1007	3711
2559	1024	4095	2560	1006	3708
2815	1024	4095	2815	1006	3705
3071	1024	4095	3067	1005	3702
3327	1024	4095	3297	1005	3700
3583	1024	4095	3570	1006	3700
3839	1024	4095	3830	1006	3702
4095	1024	4095	4085	1007	3701
0	1280	4095	0	1248	3730
256	1280	4095	263	1253	3710
512	1280	4095	522	1255	3710
768	1280	4095	774	1255	3707
1024	1280	4095	1028	1256	3708
1280	1280	4095	1296	1258	3707
1536	1280	4095	1531	1256	3705
1792	1280	4095	1788	1258	3705
2048	1280	4095	2036	1258	3705
2303	1280	4095	2302	1260	3706
2559	1280	4095	2557	1259	3702
2815	1280	4095	2812	1258	3701
3071	1280	4095	3064	1258	3699
3327	1280	4095	3294	1257	3696
3583	1280	4095	3567	1258	3697
3839	1280	4095	3827	1259	3698
4095	1280	4095	4080	1258	3696
0	1536	4095	0	1480	3729
256	1536	4095	262	1487	3706
512	1536	4095	521	1489	3707
768	1536	4095	773	1489	3704
1024	1536	4095	1027	1490	3705
1280	1536	4095	1295	1492	3706
1536	1536	4095	1529	1489	3701
1792	1536	4095	1786	1492	3703
2048	1536	4095	2035	1492	3702
2303	1536	4095	2301	1494	3705
2559	1536	4095	2556	1493	3702
2815	1536	4095	2809	1491	3698
3071	1536	4095	3063	1491	3698
3327	1536	4095	3293	1490	3694
3583	1536	4095	3566	1491	3695
3839	1536	4095	3825	1492	3696
4095	1536	4095	4078	1491	3693
0	1792	4095	0	1713	3728
256	1792	4095	262	1723	3707
512	1792	4095	520	1724	3707
768	1792	4095	772	1725	3705
1024	1792	4095	1027	1727	3705
1280	1792	4095	1294	1727	3705
1536	1792	4095	1529	1726	3702
1792	1792	4095	1785	1726	3702
2048	1792	4095	2035	1728	3703
2303	1792	4095	2301	1731	3705
2559	1792	4095	2556	1729	3702
2815	1792	4095	2809	1726	3697
3071	1792	4095	3061	1726	3696
3327	1792	4095	3294	1726	3695
3583	1792	4095	3567	1727	3696
3839	1792	4095	3824	1726	3695
4095	1792	4095	4079	1726	3694
0	2048	4095	0	1950	3728
256	2048	4095	261	1961	3708
512	2048	4095	519	1962	3708
768	2048	4095	771	1962	3706
1024	2048	4095	1027	1965	3707
1280	2048	4095	1293	1965	3705
1536	2048	4095	1529	1964	3703
1792	2048	4095	1783	1963	3701
2048	2048	4095	2034	1965	3703
2303	2048	4095	2298	1967	3705
2559	2048	4095	2553	1965	3701
2815	2048	4095	2809	1964	3698
3071	2048	4095	3059	1963	3695
3327	2048	4095	3292	1963	3695
3583	2048	4095	3565	1963	3695
3839	2048	4095	3823	1964	3694
4095	2048	4095	4079	1964	3695
0	2303	4095	0	2205	3729
256	2303	4095	260	2215	3706
512	2303	4095	518	2217	3706
768	2303	4095	769	2217	3703
1024	2303	4095	1024	2220	3705
1280	2303	4095	1292	2221	3704
1536	2303	4095	1527	2219	3701
1792	2303	4095	1782	2220	3700
2048	2303	4095	2031	2220	3701
2303	2303	4095	2296	2223	3703
2559	2303	4095	2551	2220	3698
2815	2303	4095	2806	2219	3696
3071	2303	4095	3058	2220	3695
3327	2303	4095	3289	2218	3692
3583	2303	4095	3563	2220	3694
3839	2303	4095	3822	2220	3694
4095	2303	4095	4076	2219	3693
0	2559	4095	0	2451	3730
256	2559	4095	259	2461	3703
512	2559	4095	517	2463	3703
768	2559	4095	768	2463	3700
1024	2559	4095	1022	2465	3702
1280	2559	4095	1291	2468	3703
1536	2559	4095	1525	2465	3699
1792	2559	4095	1782	2468	3701
2048	2559	4095	2030	2467	3699
2303	2559	4095	2296	2471	3702
2559	2559	4095	2551	2469	3699
2815	2559	4095	2804	2466	3694
3071	2559	4095	3058	2467	3695
3327	2559	4095	3289	2466	3692
3583	2559	4095	3563	2468	3694
3839	2559	4095	3821	2467	3693
4095	2559	4095	4075	2466	3691
0	2815	4095	0	2685	3730
256	2815	4095	259	2697	3704
512	2815	4095	516	2699	3703
768	2815	4095	768	2699	3701
1024	2815	4095	1021	2700	3700
1280	2815	4095	1289	2703	3702
1536	2815	4095	1525	2702	3699
1792	2815	4095	1781	2704	3700
2048	2815	4095	2030	2705	3701
2303	2815	4095	2295	2706	3701
2559	2815	4095	2550	2704	3698
2815	2815	4095	2805	2703	3695
3071	2815	4095	3056	2702	3694
3327	2815	4095	3288	2701	3692
3583	2815	4095	3562	2702	3693
3839	2815	4095	3821	2703	3693
4095	2815	4095	4076	2703	3692
0	3071	4095	0	2921	3732
256	3071	4095	258	2934	3705
512	3071	4095	516	2937	3705
768	3071	4095	768	2937	3703
1024	3071	4095	1020	2937	3702
1280	3071	4095	1287	2938	3701
1536	3071	4095	1525	2940	3701
1792	3071	4095	1780	2939	3698
2048	3071	4095	2031	2943	3701
2303	3071	4095	2295	2944	3702
2559	3071	4095	2549	2941	3698
2815	3071	4095	2804	2940	3696
3071	3071	4095	3055	2938	3694
3327	3071	4095	3288	2937	3692
3583	3071	4095	3561	2939	3693
3839	3071	4095	3819	2938	3692
4095	3071	4095	4076	2939	3693
0	3327	4095	0	3156	3734
256	3327	4095	257	3168	3706
512	3327	4095	515	3171	3706
768	3327	4095	767	3170	3703
1024	3327	4095	1021	3174	3705
1280	3327	4095	1287	3173	3702
1536	3327	4095	1524	3174	3701
1792	3327	4095	1779	3174	3699
2048	3327	4095	2030	3177	3702
2303	3327	4095	2295	3180	3703
2559	3327	4095	2550	3176	3700
2815	3327	4095	2805	3175	3699
3071	3327	4095	3056	3173	3696
3327	3327	4095	3290	3174	3695
3583	3327	4095	3561	3173	3695
3839	3327	4095	3819	3173	3694
4095	3327	4095	4076	3174	3695
0	3583	4095	0	3395	3735
256	3583	4095	257	3410	3708
512	3583	4095	515	3414	3708
768	3583	4095	767	3413	3706
1024	3583	4095	1020	3416	3705
1280	3583	4095	1287	3416	3705
1536	3583	4095	1524	3417	3704
1792	3583	4095	1780	3417	3702
2048	3583	4095	2031	3422	3705
2303	3583	4095	2295	3421	3704
2559	3583	4095	2550	3418	3701
2815	3583	4095	2806	3419	3701
3071	3583	4095	3057	3416	3698
3327	3583	4095	3291	3416	3697
3583	3583	4095	3562	3416	3697
3839	3583	4095	3822	3418	3698
4095	3583	4095	4079	3418	3698
0	3839	4095	0	3637	3738
256	3839	4095	256	3652	3710
512	3839	4095	515	3655	3709
768	3839	4095	767	3656	3709
1024	3839	4095	1019	3655	3706
1280	3839	4095	1287	3658	3707
1536	3839	4095	1525	3660	3706
1792	3839	4095	1780	3660	3705
2048	3839	4095	2031	3664	3706
2303	3839	4095	2296	3665	3706
2559	3839	4095	2551	3661	3703
2815	3839	4095	2806	3660	3701
3071	3839	4095	3058	3658	3699
3327	3839	4095	3291	3657	3699
3583	3839	4095	3563	3658	3699
3839	3839	4095	3824	3660	3700
4095	3839	4095	4082	3661	3701
0	4095	4095	0	3870	3737
256	4095	4095	256	3882	3707
512	4095	4095	513	3886	3706
768	4095	4095	766	3889	3705
1024	4095	4095	1019	3889	3705
1280	4095	4095	1287	3892	3706
1536	4095	4095	1523	3892	3703
1792	4095	4095	1779	3893	3703
2048	4095	4095	2028	3894	3702
2303	4095	4095	2295	3899	3705
2559	4095	4095	2551	3896	3702
2815	4095	4095	2804	3892	3699
3071	4095	4095	3055	3890	3696
3327	4095	4095	3290	3891	3697
3583	4095	4095	3562	3892	3696
3839	4095	4095	3823	3895	3699
4095	4095	4095	4080	3894	3698
