0	0	0	0	0	0
256	0	0	263	1	0
512	0	0	518	2	0
768	0	0	768	2	0
1024	0	0	1018	2	0
1280	0	0	1283	3	0
1536	0	0	1519	3	0
1792	0	0	1768	4	0
2048	0	0	2019	4	0
2303	0	0	2279	5	0
2559	0	0	2534	5	0
2815	0	0	2783	6	0
3071	0	0	3033	6	0
3327	0	0	3266	6	0
3583	0	0	3534	7	0
3839	0	0	3784	7	0
4095	0	0	4046	8	0
0	256	0	0	246	0
256	256	0	261	248	0
512	256	0	516	250	0
768	256	0	767	250	0
1024	256	0	1018	251	0
1280	256	0	1284	251	0
1536	256	0	1519	251	0
1792	256	0	1769	251	0
2048	256	0	2019	252	0
2303	256	0	2282	253	0
2559	256	0	2537	253	0
2815	256	0	2786	253	0
3071	256	0	3034	252	0
3327	256	0	3268	254	0
3583	256	0	3536	254	0
3839	256	0	3786	253	0
4095	256	0	4046	254	0
0	512	0	0	492	0
256	512	0	260	497	0
512	512	0	514	498	0
768	512	0	764	498	0
1024	512	0	1015	498	0
1280	512	0	1282	499	0
1536	512	0	1515	498	0
1792	512	0	1766	498	0
2048	512	0	2015	500	0
2303	512	0	2277	500	0
2559	512	0	2528	499	0
2815	512	0	2783	500	0
3071	512	0	3033	500	0
3327	512	0	3260	500	0
3583	512	0	3526	499	0
3839	512	0	3786	501	0
4095	512	0	4036	501	0
0	768	0	0	724	0
256	768	0	259	730	0
512	768	0	513	731	0
768	768	0	763	730	0
1024	768	0	1013	731	0
1280	768	0	1281	732	0
1536	768	0	1513	730	0
1792	768	0	1765	731	0
2048	768	0	2013	733	0
2303	768	0	2280	735	0
2559	768	0	2530	733	0
2815	768	0	2782	732	0
3071	768	0	3032	732	0
3327	768	0	3258	731	0
3583	768	0	3532	734	0
3839	768	0	3784	733	0
4095	768	0	4033	732	0
0	1024	0	0	957	0
256	1024	0	258	964	0
512	1024	0	512	965	0
768	1024	0	762	966	0
1024	1024	0	1012	966	0
1280	1024	0	1278	966	0
1536	1024	0	1512	966	0
1792	1024	0	1761	964	0
2048	1024	0	2007	966	0
2303	1024	0	2275	970	0
2559	1024	0	2525	967	0
2815	1024	0	2776	965	0
3071	1024	0	3026	965	0
3327	1024	0	3257	967	0
3583	1024	0	3524	966	0
3839	1024	0	3776	966	0
4095	1024	0	4034	968	0
0	1280	0	0	1200	0
256	1280	0	257	1208	0
512	1280	0	511	1210	0
768	1280	0	760	1211	0
1024	1280	0	1009	1211	0
1280	1280	0	1274	1211	0
1536	1280	0	1509	1212	0
1792	1280	0	1758	1210	0
2048	1280	0	2004	1211	0
2303	1280	0	2271	1215	0
2559	1280	0	2521	1212	0
2815	1280	0	2773	1210	0
3071	1280	0	3022	1210	0
3327	1280	0	3249	1209	0
3583	1280	0	3520	1212	0
3839	1280	0	3773	1211	0
4095	1280	0	4030	1213	0
0	1536	0	0	1426	0
256	1536	0	256	1436	0
512	1536	0	510	1438	0
768	1536	0	759	1440	0
1024	1536	0	1008	1437	0
1280	1536	0	1273	1438	0
1536	1536	0	1508	1440	0
1792	1536	0	1756	1437	0
2048	1536	0	2003	1439	0
2303	1536	0	2269	1443	0
2559	1536	0	2520	1440	0
2815	1536	0	2772	1438	0
3071	1536	0	3021	1437	0
3327	1536	0	3245	1436	0
3583	1536	0	3518	1439	0
3839	1536	0	3772	1438	0
4095	1536	0	4028	1441	0
0	1792	0	0	1654	0
256	1792	0	256	1662	0
512	1792	0	509	1665	0
768	1792	0	758	1667	0
1024	1792	0	1008	1667	0
1280	1792	0	1272	1665	0
1536	1792	0	1508	1669	0
1792	1792	0	1755	1664	0
2048	1792	0	2002	1666	0
2303	1792	0	2267	1670	0
2559	1792	0	2518	1667	0
2815	1792	0	2770	1665	0
3071	1792	0	3018	1664	0
3327	1792	0	3248	1666	0
3583	1792	0	3518	1666	0
3839	1792	0	3777	1668	0
4095	1792	0	4028	1668	0
0	2048	0	0	1886	0
256	2048	0	255	1894	0
512	2048	0	508	1896	0
768	2048	0	758	1899	0
1024	2048	0	1009	1901	0
1280	2048	0	1271	1897	0
1536	2048	0	1507	1901	0
1792	2048	0	1754	1897	0
2048	2048	0	2001	1899	0
2303	2048	0	2266	1903	0
2559	2048	0	2517	1899	0
2815	2048	0	2769	1897	0
3071	2048	0	3018	1897	0
3327	2048	0	3247	1898	0
3583	2048	0	3516	1897	0
3839	2048	0	3774	1898	0
4095	2048	0	4027	1899	0
0	2303	0	0	2130	0
256	2303	0	254	2144	0
512	2303	0	507	2146	0
768	2303	0	756	2149	0
1024	2303	0	1006	2149	0
1280	2303	0	1271	2149	0
1536	2303	0	1505	2150	0
1792	2303	0	1753	2148	0
2048	2303	0	2001	2150	0
2303	2303	0	2265	2154	0
2559	2303	0	2516	2150	0
2815	2303	0	2768	2149	0
3071	2303	0	3016	2147	0
3327	2303	0	3242	2145	0
3583	2303	0	3516	2148	0
3839	2303	0	3771	2147	0
4095	2303	0	4026	2150	0
0	2559	0	0	2368	0
256	2559	0	254	2385	0
512	2559	0	506	2387	0
768	2559	0	755	2391	0
1024	2559	0	1003	2387	0
1280	2559	0	1269	2390	0
1536	2559	0	1504	2393	0
1792	2559	0	1752	2389	0
2048	2559	0	1999	2390	0
2303	2559	0	2263	2396	0
2559	2559	0	2517	2392	0
2815	2559	0	2768	2391	0
3071	2559	0	3013	2387	0
3327	2559	0	3240	2385	0
3583	2559	0	3517	2390	0
3839	2559	0	3773	2390	0
4095	2559	0	4027	2392	0
0	2815	0	0	2597	0
256	2815	0	253	2616	0
512	2815	0	506	2617	0
768	2815	0	755	2621	0
1024	2815	0	1004	2620	0
1280	2815	0	1268	2619	0
1536	2815	0	1503	2623	0
1792	2815	0	1750	2618	0
2048	2815	0	1998	2620	0
2303	2815	0	2261	2625	0
2559	2815	0	2516	2622	0
2815	2815	0	2767	2620	0
3071	2815	0	3012	2616	0
3327	2815	0	3244	2618	0
3583	2815	0	3516	2620	0
3839	2815	0	3772	2620	0
4095	2815	0	4027	2622	0
0	3071	0	0	2829	0
256	3071	0	253	2845	0
512	3071	0	505	2846	0
768	3071	0	754	2849	0
1024	3071	0	1004	2853	0
1280	3071	0	1268	2852	0
1536	3071	0	1501	2852	0
1792	3071	0	1751	2850	0
2048	3071	0	1998	2851	0
2303	3071	0	2259	2854	0
2559	3071	0	2515	2852	0
2815	3071	0	2764	2848	0
3071	3071	0	3010	2844	0
3327	3071	0	3247	2850	0
3583	3071	0	3515	2848	0
3839	3071	0	3773	2851	0
4095	3071	0	4027	2853	0
0	3327	0	0	3060	0
256	3327	0	252	3075	0
512	3327	0	505	3077	0
768	3327	0	752	3076	0
1024	3327	0	1003	3080	0
1280	3327	0	1268	3083	0
1536	3327	0	1499	3078	0
1792	3327	0	1752	3082	0
2048	3327	0	2000	3083	0
2303	3327	0	2260	3085	0
2559	3327	0	2516	3083	0
2815	3327	0	2765	3079	0
3071	3327	0	3012	3074	0
3327	3327	0	3246	3078	0
3583	3327	0	3513	3076	0
3839	3327	0	3776	3083	0
4095	3327	0	4027	3081	0
0	3583	0	0	3293	0
256	3583	0	252	3315	0
512	3583	0	506	3316	0
768	3583	0	752	3314	0
1024	3583	0	1003	3317	0
1280	3583	0	1267	3317	0
1536	3583	0	1499	3316	0
1792	3583	0	1751	3317	0
2048	3583	0	2001	3321	0
2303	3583	0	2262	3325	0
2559	3583	0	2517	3321	0
2815	3583	0	2768	3319	0
3071	3583	0	3015	3315	0
3327	3583	0	3248	3317	0
3583	3583	0	3515	3314	0
3839	3583	0	3775	3318	0
4095	3583	0	4027	3318	0
0	3839	0	0	3526	0
256	3839	0	252	3545	0
512	3839	0	505	3548	0
768	3839	0	753	3550	0
1024	3839	0	1004	3555	0
1280	3839	0	1267	3552	0
1536	3839	0	1501	3553	0
1792	3839	0	1750	3551	0
2048	3839	0	1999	3553	0
2303	3839	0	2262	3557	0
2559	3839	0	2515	3554	0
2815	3839	0	2765	3550	0
3071	3839	0	3017	3550	0
3327	3839	0	3250	3554	0
3583	3839	0	3518	3553	0
3839	3839	0	3777	3555	0
4095	3839	0	4030	3556	0
0	4095	0	0	3756	0
256	4095	0	251	3773	0
512	4095	0	504	3777	0
768	4095	0	751	3776	0
1024	4095	0	1002	3780	0
1280	4095	0	1268	3784	0
1536	4095	0	1500	3779	0
1792	4095	0	1751	3783	0
2048	4095	0	1998	3781	0
2303	4095	0	2261	3784	0
2559	4095	0	2515	3782	0
2815	4095	0	2763	3777	0
3071	4095	0	3018	3782	0
3327	4095	0	3247	3781	0
3583	4095	0	3517	3782	0
3839	4095	0	3780	3789	0
4095	4095	0	4027	3783	0
0	0	256	0	0	229
256	0	256	261	1	226
512	0	256	514	2	226
768	0	256	762	2	225
1024	0	256	1012	2	225
1280	0	256	1277	3	225
1536	0	256	1511	3	225
1792	0	256	1761	4	225
2048	0	256	2010	4	225
2303	0	256	2270	5	225
2559	0	256	2523	5	225
2815	0	256	2776	6	225
3071	0	256	3024	6	224
3327	0	256	3252	7	224
3583	0	256	3519	7	224
3839	0	256	3777	7	224
4095	0	256	4026	8	224
0	256	256	0	249	229
256	256	256	260	250	226
512	256	256	513	251	226
768	256	256	762	252	225
1024	256	256	1012	252	225
1280	256	256	1278	253	225
1536	256	256	1512	254	225
1792	256	256	1763	254	225
2048	256	256	2012	255	225
2303	256	256	2276	256	225
2559	256	256	2529	256	225
2815	256	256	2779	255	225
3071	256	256	3028	255	224
3327	256	256	3256	256	224
3583	256	256	3522	256	224
3839	256	256	3780	257	224
4095	256	256	4030	256	224
0	512	256	0	497	229
256	512	256	258	500	226
512	512	256	512	501	226
768	512	256	760	501	226
1024	512	256	1010	502	226
1280	512	256	1276	503	226
1536	512	256	1509	503	226
1792	512	256	1759	502	225
2048	512	256	2006	503	226
2303	512	256	2270	505	226
2559	512	256	2522	504	225
2815	512	256	2774	504	225
3071	512	256	3022	504	225
3327	512	256	3253	505	224
3583	512	256	3519	505	224
3839	512	256	3773	505	224
4095	512	256	4027	506	224
0	768	256	0	731	228
256	768	256	257	733	226
512	768	256	511	734	226
768	768	256	758	734	225
1024	768	256	1008	736	226
1280	768	256	1275	737	225
1536	768	256	1507	736	225
1792	768	256	1759	737	225
2048	768	256	2004	737	225
2303	768	256	2269	739	225
2559	768	256	2521	738	225
2815	768	256	2772	738	224
3071	768	256	3020	738	224
3327	768	256	3252	739	224
3583	768	256	3519	739	224
3839	768	256	3777	740	224
4095	768	256	4026	740	224
0	1024	256	0	966	228
256	1024	256	256	970	226
512	1024	256	510	971	225
768	1024	256	756	970	225
1024	1024	256	1006	971	225
1280	1024	256	1272	973	225
1536	1024	256	1503	972	225
1792	1024	256	1755	973	225
2048	1024	256	2002	974	225
2303	1024	256	2263	974	225
2559	1024	256	2515	973	224
2815	1024	256	2769	974	224
3071	1024	256	3017	974	224
3327	1024	256	3246	974	224
3583	1024	256	3512	973	224
3839	1024	256	3769	975	224
4095	1024	256	4020	975	224
0	1280	256	0	1211	228
256	1280	256	255	1215	225
512	1280	256	508	1217	225
768	1280	256	755	1216	224
1024	1280	256	1004	1218	224
1280	1280	256	1270	1220	225
1536	1280	256	1500	1218	224
1792	1280	256	1752	1220	224
2048	1280	256	1997	1219	224
2303	1280	256	2261	1222	224
2559	1280	256	2511	1220	223
2815	1280	256	2764	1219	224
3071	1280	256	3015	1221	223
3327	1280	256	3241	1220	223
3583	1280	256	3508	1220	223
3839	1280	256	3766	1222	223
4095	1280	256	4017	1221	223
0	1536	256	0	1439	227
256	1536	256	254	1441	224
512	1536	256	506	1444	224
768	1536	256	754	1445	224
1024	1536	256	1003	1447	224
1280	1536	256	1269	1449	224
1536	1536	256	1499	1447	224
1792	1536	256	1752	1450	224
2048	1536	256	1994	1448	223
2303	1536	256	2259	1452	224
2559	1536	256	2510	1449	223
2815	1536	256	2762	1448	223
3071	1536	256	3014	1451	223
3327	1536	256	3240	1449	223
3583	1536	256	3507	1449	222
3839	1536	256	3765	1451	223
4095	1536	256	4015	1451	223
0	1792	256	0	1667	227
256	1792	256	254	1672	224
512	1792	256	506	1673	224
768	1792	256	753	1673	224
1024	1792	256	1002	1674	224
1280	1792	256	1267	1677	224
1536	1792	256	1499	1676	223
1792	1792	256	1751	1678	224
2048	1792	256	1997	1679	223
2303	1792	256	2261	1683	224
2559	1792	256	2512	1681	223
2815	1792	256	2764	1680	223
3071	1792	256	3013	1679	223
3327	1792	256	3239	1678	222
3583	1792	256	3506	1677	222
3839	1792	256	3765	1680	223
4095	1792	256	4014	1679	222
0	2048	256	0	1899	227
256	2048	256	254	1907	224
512	2048	256	506	1908	224
768	2048	256	752	1906	223
1024	2048	256	1001	1908	223
1280	2048	256	1267	1910	223
1536	2048	256	1497	1908	223
1792	2048	256	1749	1911	223
2048	2048	256	1997	1914	224
2303	2048	256	2257	1914	224
2559	2048	256	2509	1912	223
2815	2048	256	2764	1913	223
3071	2048	256	3011	1912	223
3327	2048	256	3237	1911	222
3583	2048	256	3504	1909	222
3839	2048	256	3763	1912	222
4095	2048	256	4014	1912	222
0	2303	256	0	2149	226
256	2303	256	252	2155	224
512	2303	256	504	2156	224
768	2303	256	751	2156	223
1024	2303	256	1000	2158	223
1280	2303	256	1265	2160	223
1536	2303	256	1495	2158	222
1792	2303	256	1747	2161	223
2048	2303	256	1993	2162	223
2303	2303	256	2254	2163	223
2559	2303	256	2506	2161	222
2815	2303	256	2759	2161	222
3071	2303	256	3009	2162	222
3327	2303	256	3237	2162	222
3583	2303	256	3503	2159	221
3839	2303	256	3762	2163	222
4095	2303	256	4013	2163	222
0	2559	256	0	2390	226
256	2559	256	251	2395	223
512	2559	256	503	2396	223
768	2559	256	750	2399	223
1024	2559	256	999	2401	223
1280	2559	256	1264	2404	223
1536	2559	256	1495	2401	222
1792	2559	256	1746	2405	223
2048	2559	256	1990	2403	222
2303	2559	256	2253	2407	222
2559	2559	256	2506	2405	222
2815	2559	256	2756	2402	222
3071	2559	256	3005	2403	222
3327	2559	256	3236	2405	222
3583	2559	256	3503	2403	221
3839	2559	256	3762	2407	222
4095	2559	256	4011	2405	221
0	2815	256	0	2620	226
256	2815	256	252	2628	223
512	2815	256	504	2630	223
768	2815	256	750	2630	223
1024	2815	256	999	2632	223
1280	2815	256	1264	2635	223
1536	2815	256	1495	2634	222
1792	2815	256	1746	2636	222
2048	2815	256	1992	2636	222
2303	2815	256	2252	2638	222
2559	2815	256	2505	2636	222
2815	2815	256	2757	2635	221
3071	2815	256	3004	2634	221
3327	2815	256	3234	2635	221
3583	2815	256	3502	2634	221
3839	2815	256	3760	2638	221
4095	2815	256	4010	2636	221
0	3071	256	0	2849	226
256	3071	256	252	2861	223
512	3071	256	503	2863	223
768	3071	256	749	2860	222
1024	3071	256	998	2863	222
1280	3071	256	1262	2865	222
1536	3071	256	1494	2864	222
1792	3071	256	1744	2866	222
2048	3071	256	1993	2870	222
2303	3071	256	2253	2871	222
2559	3071	256	2506	2869	221
2815	3071	256	2759	2869	222
3071	3071	256	3006	2868	222
3327	3071	256	3233	2865	221
3583	3071	256	3503	2866	221
3839	3071	256	3758	2868	221
4095	3071	256	4009	2866	221
0	3327	256	0	3077	225
256	3327	256	251	3089	223
512	3327	256	502	3091	223
768	3327	256	748	3090	222
1024	3327	256	998	3094	222
1280	3327	256	1261	3093	222
1536	3327	256	1493	3094	222
1792	3327	256	1743	3095	222
2048	3327	256	1992	3099	222
2303	3327	256	2254	3104	222
2559	3327	256	2508	3102	222
2815	3327	256	2758	3099	222
3071	3327	256	3004	3095	221
3327	3327	256	3234	3096	221
3583	3327	256	3504	3098	221
3839	3327	256	3757	3096	221
4095	3327	256	4011	3098	221
0	3583	256	0	3313	225
256	3583	256	250	3327	223
512	3583	256	502	3329	223
768	3583	256	749	3329	223
1024	3583	256	998	3333	223
1280	3583	256	1261	3332	222
1536	3583	256	1494	3333	222
1792	3583	256	1744	3334	222
2048	3583	256	1992	3338	222
2303	3583	256	2254	3341	222
2559	3583	256	2506	3338	222
2815	3583	256	2759	3338	222
3071	3583	256	3004	3333	221
3327	3583	256	3237	3337	221
3583	3583	256	3504	3335	221
3839	3583	256	3759	3335	221
4095	3583	256	4014	3339	221
0	3839	256	0	3550	226
256	3839	256	250	3563	223
512	3839	256	502	3565	223
768	3839	256	748	3564	222
1024	3839	256	997	3565	222
1280	3839	256	1262	3570	223
1536	3839	256	1494	3569	222
1792	3839	256	1745	3572	222
2048	3839	256	1994	3575	222
2303	3839	256	2254	3576	222
2559	3839	256	2507	3573	222
2815	3839	256	2760	3575	222
3071	3839	256	3007	3572	221
3327	3839	256	3236	3571	221
3583	3839	256	3506	3572	221
3839	3839	256	3762	3574	221
4095	3839	256	4014	3574	221
0	4095	256	0	3779	225
256	4095	256	249	3788	223
512	4095	256	501	3791	223
768	4095	256	748	3793	223
1024	4095	256	996	3793	222
1280	4095	256	1261	3797	222
1536	4095	256	1494	3798	222
1792	4095	256	1744	3800	222
2048	4095	256	1991	3802	222
2303	4095	256	2254	3806	222
2559	4095	256	2506	3803	222
2815	4095	256	2758	3801	222
3071	4095	256	3006	3799	221
3327	4095	256	3234	3799	221
3583	4095	256	3506	3803	221
3839	4095	256	3762	3804	221
4095	4095	256	4015	3805	221
0	0	512	0	0	452
256	0	512	261	1	447
512	0	512	514	2	447
768	0	512	762	2	446
1024	0	512	1012	2	446
1280	0	512	1278	3	446
1536	0	512	1510	3	445
1792	0	512	1762	4	445
2048	0	512	2009	4	445
2303	0	512	2270	5	445
2559	0	512	2523	5	444
2815	0	512	2774	6	443
3071	0	512	3027	6	444
3327	0	512	3254	7	443
3583	0	512	3519	7	442
3839	0	512	3779	7	443
4095	0	512	4027	8	443
0	256	512	0	250	452
256	256	512	260	252	447
512	256	512	514	253	447
768	256	512	763	253	446
1024	256	512	1012	254	446
1280	256	512	1280	255	446
1536	256	512	1512	254	445
1792	256	512	1765	255	445
2048	256	512	2014	256	445
2303	256	512	2275	257	445
2559	256	512	2528	257	444
2815	256	512	2781	257	444
3071	256	512	3031	257	444
3327	256	512	3258	257	443
3583	256	512	3523	257	443
3839	256	512	3783	258	444
4095	256	512	4031	258	443
0	512	512	0	499	452
256	512	512	258	502	448
512	512	512	512	503	448
768	512	512	761	504	447
1024	512	512	1010	504	446
1280	512	512	1275	504	446
1536	512	512	1510	505	446
1792	512	512	1759	504	446
2048	512	512	2007	506	446
2303	512	512	2271	507	446
2559	512	512	2524	507	445
2815	512	512	2775	506	445
3071	512	512	3023	506	444
3327	512	512	3251	507	444
3583	512	512	3522	507	443
3839	512	512	3775	507	444
4095	512	512	4032	509	444
0	768	512	0	734	451
256	768	512	258	736	447
512	768	512	511	737	446
768	768	512	760	738	446
1024	768	512	1010	740	446
1280	768	512	1274	739	445
1536	768	512	1509	740	445
1792	768	512	1758	739	444
2048	768	512	2006	740	445
2303	768	512	2269	742	445
2559	768	512	2522	741	444
2815	768	512	2773	741	444
3071	768	512	3021	740	443
3327	768	512	3254	742	443
3583	768	512	3521	742	443
3839	768	512	3775	742	443
4095	768	512	4029	743	443
0	1024	512	0	969	450
256	1024	512	256	972	446
512	1024	512	511	976	446
768	1024	512	757	973	445
1024	1024	512	1007	975	446
1280	1024	512	1273	976	445
1536	1024	512	1504	975	444
1792	1024	512	1756	976	444
2048	1024	512	2001	976	444
2303	1024	512	2265	979	444
2559	1024	512	2515	977	443
2815	1024	512	2767	976	443
3071	1024	512	3019	978	443
3327	1024	512	3246	977	443
3583	1024	512	3513	977	442
3839	1024	512	3772	979	442
4095	1024	512	4022	978	442
0	1280	512	0	1216	449
256	1280	512	255	1218	445
512	1280	512	508	1221	445
768	1280	512	755	1221	444
1024	1280	512	1005	1223	444
1280	1280	512	1269	1222	444
1536	1280	512	1502	1222	443
1792	1280	512	1751	1222	443
2048	1280	512	1997	1223	442
2303	1280	512	2261	1226	443
2559	1280	512	2512	1224	442
2815	1280	512	2764	1223	442
3071	1280	512	3013	1224	442
3327	1280	512	3244	1225	441
3583	1280	512	3510	1224	441
3839	1280	512	3769	1227	442
4095	1280	512	4018	1225	441
0	1536	512	0	1445	448
256	1536	512	254	1447	444
512	1536	512	507	1449	444
768	1536	512	755	1451	443
1024	1536	512	1004	1453	444
1280	1536	512	1268	1452	442
1536	1536	512	1500	1452	442
1792	1536	512	1750	1452	442
2048	1536	512	1996	1453	442
2303	1536	512	2259	1456	442
2559	1536	512	2511	1454	442
2815	1536	512	2763	1452	441
3071	1536	512	3011	1453	441
3327	1536	512	3242	1455	441
3583	1536	512	3509	1454	440
3839	1536	512	3768	1457	441
4095	1536	512	4017	1456	440
0	1792	512	0	1672	448
256	1792	512	254	1680	444
512	1792	512	507	1681	443
768	1792	512	754	1679	443
1024	1792	512	1003	1681	443
1280	1792	512	1268	1683	442
1536	1792	512	1499	1681	442
1792	1792	512	1751	1683	442
2048	1792	512	1998	1686	442
2303	1792	512	2259	1687	442
2559	1792	512	2512	1686	442
2815	1792	512	2764	1685	441
3071	1792	512	3013	1685	441
3327	1792	512	3240	1684	440
3583	1792	512	3507	1683	440
3839	1792	512	3767	1686	441
4095	1792	512	4015	1684	440
0	2048	512	0	1905	447
256	2048	512	254	1912	444
512	2048	512	507	1917	444
768	2048	512	752	1913	442
1024	2048	512	1002	1915	442
1280	2048	512	1268	1918	443
1536	2048	512	1498	1915	442
1792	2048	512	1750	1918	442
2048	2048	512	1996	1918	442
2303	2048	512	2257	1919	442
2559	2048	512	2510	1919	442
2815	2048	512	2763	1918	441
3071	2048	512	3013	1919	441
3327	2048	512	3239	1917	440
3583	2048	512	3506	1915	439
3839	2048	512	3765	1919	440
4095	2048	512	4014	1918	440
0	2303	512	0	2156	447
256	2303	512	252	2160	443
512	2303	512	505	2165	443
768	2303	512	751	2164	442
1024	2303	512	1001	2166	442
1280	2303	512	1265	2166	442
1536	2303	512	1497	2166	441
1792	2303	512	1749	2170	442
2048	2303	512	1993	2167	441
2303	2303	512	2254	2170	441
2559	2303	512	2509	2170	441
2815	2303	512	2759	2167	440
3071	2303	512	3008	2168	440
3327	2303	512	3238	2169	440
3583	2303	512	3504	2166	439
3839	2303	512	3764	2171	440
4095	2303	512	4013	2169	439
0	2559	512	0	2399	447
256	2559	512	252	2403	442
512	2559	512	504	2405	442
768	2559	512	750	2406	442
1024	2559	512	1000	2410	442
1280	2559	512	1263	2408	441
1536	2559	512	1495	2409	441
1792	2559	512	1747	2411	441
2048	2559	512	1991	2411	441
2303	2559	512	2253	2414	441
2559	2559	512	2507	2413	441
2815	2559	512	2757	2410	439
3071	2559	512	3004	2408	439
3327	2559	512	3237	2413	439
3583	2559	512	3503	2410	439
3839	2559	512	3760	2413	439
4095	2559	512	4012	2413	439
0	2815	512	0	2630	447
256	2815	512	252	2635	442
512	2815	512	503	2636	441
768	2815	512	750	2638	441
1024	2815	512	999	2641	441
1280	2815	512	1263	2641	441
1536	2815	512	1495	2641	440
1792	2815	512	1745	2642	440
2048	2815	512	1991	2643	440
2303	2815	512	2253	2646	440
2559	2815	512	2505	2643	440
2815	2815	512	2756	2641	439
3071	2815	512	3005	2642	438
3327	2815	512	3235	2643	439
3583	2815	512	3502	2641	438
3839	2815	512	3759	2644	438
4095	2815	512	4011	2644	438
0	3071	512	0	2860	447
256	3071	512	251	2868	442
512	3071	512	503	2871	441
768	3071	512	749	2869	441
1024	3071	512	998	2871	441
1280	3071	512	1263	2874	441
1536	3071	512	1494	2871	440
1792	3071	512	1745	2875	440
2048	3071	512	1992	2876	440
2303	3071	512	2252	2877	440
2559	3071	512	2504	2874	439
2815	3071	512	2758	2876	439
3071	3071	512	3007	2876	439
3327	3071	512	3234	2874	438
3583	3071	512	3502	2872	438
3839	3071	512	3760	2877	438
4095	3071	512	4010	2874	438
0	3327	512	0	3088	446
256	3327	512	251	3099	442
512	3327	512	503	3101	442
768	3327	512	749	3099	441
1024	3327	512	997	3101	441
1280	3327	512	1262	3102	441
1536	3327	512	1494	3102	440
1792	3327	512	1744	3103	440
2048	3327	512	1993	3108	440
2303	3327	512	2253	3110	440
2559	3327	512	2506	3107	439
2815	3327	512	2759	3108	439
3071	3327	512	3006	3105	439
3327	3327	512	3233	3104	438
3583	3327	512	3504	3105	438
3839	3327	512	3759	3106	438
4095	3327	512	4011	3107	438
0	3583	512	0	3325	446
256	3583	512	250	3336	442
512	3583	512	502	3338	441
768	3583	512	749	3340	441
1024	3583	512	998	3340	441
1280	3583	512	1262	3342	441
1536	3583	512	1495	3343	441
1792	3583	512	1745	3343	440
2048	3583	512	1992	3346	440
2303	3583	512	2255	3350	440
2559	3583	512	2507	3347	440
2815	3583	512	2758	3344	439
3071	3583	512	3006	3343	438
3327	3583	512	3235	3343	438
3583	3583	512	3505	3345	438
3839	3583	512	3760	3345	438
4095	3583	512	4015	3348	438
0	3839	512	0	3561	446
256	3839	512	250	3572	442
512	3839	512	502	3574	442
768	3839	512	749	3574	441
1024	3839	512	998	3576	441
1280	3839	512	1263	3580	441
1536	3839	512	1494	3578	440
1792	3839	512	1746	3582	441
2048	3839	512	1993	3583	440
2303	3839	512	2255	3585	441
2559	3839	512	2507	3583	440
2815	3839	512	2759	3581	439
3071	3839	512	3009	3582	439
3327	3839	512	3236	3581	438
3583	3839	512	3506	3582	438
3839	3839	512	3763	3583	438
4095	3839	512	4014	3583	438
0	4095	512	0	3788	446
256	4095	512	250	3801	442
512	4095	512	502	3804	441
768	4095	512	748	3803	441
1024	4095	512	997	3805	441
1280	4095	512	1261	3806	440
1536	4095	512	1493	3806	440
1792	4095	512	1744	3808	440
2048	4095	512	1993	3813	440
2303	4095	512	2256	3818	441
2559	4095	512	2508	3815	440
2815	4095	512	2759	3812	439
3071	4095	512	3006	3809	438
3327	4095	512	3235	3810	438
3583	4095	512	3507	3814	438
3839	4095	512	3761	3812	438
4095	4095	512	4013	3812	438
0	0	768	0	0	670
256	0	768	262	1	664
512	0	768	515	2	664
768	0	768	764	2	663
1024	0	768	1014	3	663
1280	0	768	1281	3	663
1536	0	768	1513	3	661
1792	0	768	1766	4	662
2048	0	768	2010	4	660
2303	0	768	2275	5	661
2559	0	768	2526	5	660
2815	0	768	2777	6	659
3071	0	768	3028	6	658
3327	0	768	3258	7	659
3583	0	768	3525	7	658
3839	0	768	3786	7	659
4095	0	768	4032	8	658
0	256	768	0	251	671
256	256	768	261	253	665
512	256	768	515	254	664
768	256	768	764	254	663
1024	256	768	1015	255	663
1280	256	768	1283	256	664
1536	256	768	1515	256	662
1792	256	768	1768	256	663
2048	256	768	2014	257	662
2303	256	768	2276	257	662
2559	256	768	2529	257	660
2815	256	768	2782	257	660
3071	256	768	3035	258	660
3327	256	768	3262	258	659
3583	256	768	3528	258	658
3839	256	768	3788	259	660
4095	256	768	4037	259	659
0	512	768	0	501	670
256	512	768	259	504	665
512	512	768	513	505	665
768	512	768	762	505	664
1024	512	768	1011	505	663
1280	512	768	1278	506	663
1536	512	768	1511	506	662
1792	512	768	1762	506	662
2048	512	768	2010	507	662
2303	512	768	2275	509	662
2559	512	768	2528	509	661
2815	512	768	2778	508	660
3071	512	768	3027	508	660
3327	512	768	3253	508	659
3583	512	768	3527	509	659
3839	512	768	3780	509	659
4095	512	768	4034	510	659
0	768	768	0	735	669
256	768	768	258	739	664
512	768	768	512	740	664
768	768	768	762	741	663
1024	768	768	1013	742	663
1280	768	768	1277	741	662
1536	768	768	1512	742	661
1792	768	768	1761	742	661
2048	768	768	2010	744	661
2303	768	768	2274	745	662
2559	768	768	2526	744	661
2815	768	768	2777	743	659
3071	768	768	3025	743	658
3327	768	768	3255	744	658
3583	768	768	3526	744	659
3839	768	768	3778	744	658
4095	768	768	4034	745	658
0	1024	768	0	972	668
256	1024	768	257	975	663
512	1024	768	512	978	662
768	1024	768	759	978	662
1024	1024	768	1009	979	662
1280	1024	768	1276	980	661
1536	1024	768	1507	978	660
1792	1024	768	1759	980	660
2048	1024	768	2003	979	659
2303	1024	768	2268	982	660
2559	1024	768	2519	980	659
2815	1024	768	2770	979	658
3071	1024	768	3021	980	657
3327	1024	768	3250	980	657
3583	1024	768	3518	980	657
3839	1024	768	3777	982	657
4095	1024	768	4027	981	657
0	1280	768	0	1217	666
256	1280	768	256	1222	661
512	1280	768	509	1224	661
768	1280	768	758	1226	660
1024	1280	768	1008	1227	660
1280	1280	768	1271	1226	660
1536	1280	768	1505	1226	659
1792	1280	768	1754	1225	658
2048	1280	768	2000	1226	657
2303	1280	768	2264	1229	658
2559	1280	768	2517	1228	657
2815	1280	768	2767	1227	656
3071	1280	768	3016	1226	656
3327	1280	768	3248	1229	656
3583	1280	768	3515	1228	655
3839	1280	768	3772	1229	656
4095	1280	768	4023	1229	655
0	1536	768	0	1447	665
256	1536	768	255	1453	660
512	1536	768	508	1454	660
768	1536	768	757	1456	659
1024	1536	768	1007	1458	660
1280	1536	768	1269	1455	658
1536	1536	768	1503	1457	658
1792	1536	768	1752	1455	656
2048	1536	768	2000	1457	657
2303	1536	768	2263	1460	658
2559	1536	768	2515	1458	657
2815	1536	768	2766	1457	656
3071	1536	768	3014	1456	655
3327	1536	768	3247	1459	656
3583	1536	768	3515	1458	655
3839	1536	768	3770	1459	655
4095	1536	768	4023	1460	655
0	1792	768	0	1677	665
256	1792	768	255	1684	660
512	1792	768	509	1687	660
768	1792	768	755	1685	659
1024	1792	768	1006	1687	659
1280	1792	768	1271	1688	658
1536	1792	768	1502	1686	657
1792	1792	768	1753	1687	657
2048	1792	768	2000	1688	657
2303	1792	768	2262	1691	657
2559	1792	768	2516	1689	656
2815	1792	768	2766	1688	655
3071	1792	768	3016	1689	655
3327	1792	768	3245	1689	655
3583	1792	768	3513	1687	654
3839	1792	768	3771	1691	655
4095	1792	768	4021	1689	654
0	2048	768	0	1911	665
256	2048	768	254	1916	659
512	2048	768	508	1921	660
768	2048	768	755	1920	658
1024	2048	768	1005	1922	658
1280	2048	768	1271	1924	658
1536	2048	768	1502	1921	657
1792	2048	768	1753	1923	657
2048	2048	768	1998	1921	656
2303	2048	768	2260	1924	657
2559	2048	768	2514	1923	656
2815	2048	768	2764	1921	655
3071	2048	768	3015	1922	655
3327	2048	768	3244	1922	655
3583	2048	768	3512	1921	654
3839	2048	768	3771	1925	655
4095	2048	768	4020	1923	654
0	2303	768	0	2162	665
256	2303	768	253	2167	658
512	2303	768	506	2170	658
768	2303	768	753	2171	658
1024	2303	768	1003	2173	658
1280	2303	768	1267	2172	657
1536	2303	768	1500	2172	656
1792	2303	768	1751	2174	656
2048	2303	768	1996	2172	655
2303	2303	768	2258	2175	656
2559	2303	768	2512	2175	655
2815	2303	768	2762	2171	654
3071	2303	768	3010	2170	653
3327	2303	768	3242	2174	654
3583	2303	768	3510	2172	653
3839	2303	768	3767	2174	654
4095	2303	768	4019	2174	653
0	2559	768	0	2403	664
256	2559	768	253	2411	658
512	2559	768	505	2413	657
768	2559	768	752	2414	657
1024	2559	768	1003	2417	657
1280	2559	768	1265	2413	655
1536	2559	768	1499	2416	656
1792	2559	768	1748	2415	655
2048	2559	768	1995	2417	655
2303	2559	768	2257	2421	656
2559	2559	768	2511	2419	655
2815	2559	768	2761	2416	654
3071	2559	768	3007	2413	652
3327	2559	768	3241	2419	654
3583	2559	768	3509	2417	653
3839	2559	768	3763	2416	652
4095	2559	768	4018	2419	653
0	2815	768	0	2634	663
256	2815	768	252	2642	657
512	2815	768	504	2644	657
768	2815	768	752	2646	656
1024	2815	768	1002	2649	657
1280	2815	768	1265	2648	656
1536	2815	768	1498	2648	655
1792	2815	768	1748	2648	655
2048	2815	768	1994	2649	655
2303	2815	768	2257	2653	655
2559	2815	768	2509	2650	654
2815	2815	768	2760	2647	653
3071	2815	768	3008	2646	652
3327	2815	768	3240	2650	653
3583	2815	768	3508	2648	652
3839	2815	768	3764	2650	652
4095	2815	768	4017	2651	653
0	3071	768	0	2866	663
256	3071	768	252	2877	658
512	3071	768	504	2879	657
768	3071	768	751	2878	656
1024	3071	768	1000	2880	656
1280	3071	768	1266	2883	656
1536	3071	768	1497	2879	655
1792	3071	768	1749	2883	655
2048	3071	768	1995	2883	655
2303	3071	768	2255	2884	655
2559	3071	768	2508	2881	654
2815	3071	768	2761	2882	654
3071	3071	768	3010	2882	653
3327	3071	768	3239	2881	653
3583	3071	768	3506	2879	652
3839	3071	768	3766	2885	653
4095	3071	768	4016	2882	652
0	3327	768	0	3095	662
256	3327	768	252	3109	658
512	3327	768	504	3111	658
768	3327	768	750	3107	656
1024	3327	768	999	3109	656
1280	3327	768	1265	3112	656
1536	3327	768	1497	3111	655
1792	3327	768	1748	3112	655
2048	3327	768	1997	3117	656
2303	3327	768	2257	3117	655
2559	3327	768	2509	3114	654
2815	3327	768	2764	3116	654
3071	3327	768	3011	3113	653
3327	3327	768	3238	3111	652
3583	3327	768	3508	3112	652
3839	3327	768	3765	3115	653
4095	3327	768	4017	3115	652
0	3583	768	0	3334	663
256	3583	768	251	3346	658
512	3583	768	504	3348	657
768	3583	768	750	3347	656
1024	3583	768	999	3349	656
1280	3583	768	1265	3352	657
1536	3583	768	1499	3353	656
1792	3583	768	1748	3352	656
2048	3583	768	1996	3355	655
2303	3583	768	2259	3359	656
2559	3583	768	2511	3356	655
2815	3583	768	2762	3353	654
3071	3583	768	3010	3351	653
3327	3583	768	3239	3350	653
3583	3583	768	3511	3353	653
3839	3583	768	3767	3355	653
4095	3583	768	4021	3356	653
0	3839	768	0	3571	664
256	3839	768	251	3582	658
512	3839	768	504	3584	658
768	3839	768	751	3584	657
1024	3839	768	1000	3587	657
1280	3839	768	1266	3590	657
1536	3839	768	1498	3586	656
1792	3839	768	1750	3591	656
2048	3839	768	1996	3590	656
2303	3839	768	2258	3593	656
2559	3839	768	2510	3590	655
2815	3839	768	2763	3588	654
3071	3839	768	3012	3588	654
3327	3839	768	3242	3589	653
3583	3839	768	3511	3589	653
3839	3839	768	3769	3592	653
4095	3839	768	4021	3591	653
0	4095	768	0	3796	662
256	4095	768	250	3813	658
512	4095	768	503	3816	657
768	4095	768	749	3813	656
1024	4095	768	999	3816	656
1280	4095	768	1264	3816	655
1536	4095	768	1496	3814	655
1792	4095	768	1747	3817	654
2048	4095	768	1996	3823	655
2303	4095	768	2258	3825	655
2559	4095	768	2510	3821	654
2815	4095	768	2764	3822	654
3071	4095	768	3011	3819	652
3327	4095	768	3239	3818	652
3583	4095	768	3511	3820	652
3839	4095	768	3766	3821	652
4095	4095	768	4019	3821	652
0	0	1024	0	0	886
256	0	1024	263	1	879
512	0	1024	517	2	878
768	0	1024	766	2	877
1024	0	1024	1017	3	877
1280	0	1024	1284	3	877
1536	0	1024	1517	4	875
1792	0	1024	1770	4	876
2048	0	1024	2014	4	874
2303	0	1024	2280	5	876
2559	0	1024	2531	5	873
2815	0	1024	2782	6	872
3071	0	1024	3030	6	870
3327	0	1024	3264	7	872
3583	0	1024	3531	7	871
3839	0	1024	3791	8	873
4095	0	1024	4039	8	871
0	256	1024	0	252	886
256	256	1024	262	254	880
512	256	1024	516	255	879
768	256	1024	766	255	878
1024	256	1024	1018	256	878
1280	256	1024	1286	257	878
1536	256	1024	1518	257	876
1792	256	1024	1772	258	877
2048	256	1024	2016	257	875
2303	256	1024	2280	258	876
2559	256	1024	2533	258	874
2815	256	1024	2785	258	873
3071	256	1024	3038	259	873
3327	256	1024	3267	259	873
3583	256	1024	3533	259	872
3839	256	1024	3793	260	873
4095	256	1024	4044	260	872
0	512	1024	0	502	885
256	512	1024	261	506	880
512	512	1024	514	507	879
768	512	1024	763	506	877
1024	512	1024	1014	507	877
1280	512	1024	1281	508	877
1536	512	1024	1514	508	875
1792	512	1024	1767	509	876
2048	512	1024	2015	510	876
2303	512	1024	2280	511	877
2559	512	1024	2532	511	875
2815	512	1024	2783	510	873
3071	512	1024	3033	510	873
3327	512	1024	3259	510	872
3583	512	1024	3533	511	872
3839	512	1024	3786	511	872
4095	512	1024	4035	511	871
0	768	1024	0	737	884
256	768	1024	259	742	879
512	768	1024	514	743	878
768	768	1024	764	744	877
1024	768	1024	1014	744	877
1280	768	1024	1280	744	876
1536	768	1024	1515	745	876
1792	768	1024	1765	745	875
2048	768	1024	2014	746	875
2303	768	1024	2278	748	876
2559	768	1024	2531	747	875
2815	768	1024	2782	746	873
3071	768	1024	3030	746	872
3327	768	1024	3257	745	870
3583	768	1024	3531	747	872
3839	768	1024	3784	746	870
4095	768	1024	4040	748	871
0	1024	1024	0	975	884
256	1024	1024	258	979	877
512	1024	1024	512	980	876
768	1024	1024	762	982	876
1024	1024	1024	1012	982	876
1280	1024	1024	1278	983	875
1536	1024	1024	1511	982	874
1792	1024	1024	1762	982	873
2048	1024	1024	2008	982	873
2303	1024	1024	2272	985	873
2559	1024	1024	2524	983	872
2815	1024	1024	2776	983	870
3071	1024	1024	3023	982	869
3327	1024	1024	3255	983	869
3583	1024	1024	3524	983	869
3839	1024	1024	3783	985	870
4095	1024	1024	4034	985	869
0	1280	1024	0	1220	881
256	1280	1024	257	1227	875
512	1280	1024	511	1228	874
768	1280	1024	760	1230	874
1024	1280	1024	1011	1232	874
1280	1280	1024	1274	1230	872
1536	1280	1024	1509	1231	872
1792	1280	1024	1758	1229	871
2048	1280	1024	2005	1231	871
2303	1280	1024	2269	1233	872
2559	1280	1024	2522	1232	870
2815	1280	1024	2773	1231	869
3071	1280	1024	3021	1230	868
3327	1280	1024	3252	1232	868
3583	1280	1024	3522	1232	868
3839	1280	1024	3776	1232	867
4095	1280	1024	4031	1233	868
0	1536	1024	0	1450	879
256	1536	1024	256	1458	874
512	1536	1024	510	1460	873
768	1536	1024	759	1462	873
1024	1536	1024	1010	1464	873
1280	1536	1024	1273	1460	871
1536	1536	1024	1507	1462	871
1792	1536	1024	1756	1460	869
2048	1536	1024	2004	1462	870
2303	1536	1024	2268	1465	871
2559	1536	1024	2521	1463	869
2815	1536	1024	2772	1462	868
3071	1536	1024	3019	1461	867
3327	1536	1024	3251	1463	867
3583	1536	1024	3522	1464	867
3839	1536	1024	3774	1462	866
4095	1536	1024	4030	1465	867
0	1792	1024	0	1682	880
256	1792	1024	256	1688	873
512	1792	1024	510	1692	873
768	1792	1024	758	1691	872
1024	1792	1024	1009	1694	872
1280	1792	1024	1274	1694	872
1536	1792	1024	1506	1692	870
1792	1792	1024	1757	1693	870
2048	1792	1024	2003	1692	869
2303	1792	1024	2267	1696	870
2559	1792	1024	2520	1694	869
2815	1792	1024	2770	1692	867
3071	1792	1024	3020	1692	867
3327	1792	1024	3251	1694	867
3583	1792	1024	3519	1693	866
3839	1792	1024	3777	1695	867
4095	1792	1024	4028	1694	866
0	2048	1024	0	1917	880
256	2048	1024	255	1922	872
512	2048	1024	509	1925	872
768	2048	1024	757	1926	872
1024	2048	1024	1008	1928	871
1280	2048	1024	1274	1930	871
1536	2048	1024	1505	1927	870
1792	2048	1024	1757	1929	870
2048	2048	1024	2001	1926	868
2303	2048	1024	2265	1930	869
2559	2048	1024	2518	1928	868
2815	2048	1024	2768	1925	866
3071	2048	1024	3017	1924	866
3327	2048	1024	3250	1928	867
3583	2048	1024	3518	1927	866
3839	2048	1024	3777	1930	867
4095	2048	1024	4027	1928	866
0	2303	1024	0	2167	879
256	2303	1024	254	2174	872
512	2303	1024	507	2175	871
768	2303	1024	756	2178	871
1024	2303	1024	1006	2180	871
1280	2303	1024	1270	2178	869
1536	2303	1024	1503	2179	869
1792	2303	1024	1754	2178	868
2048	2303	1024	2000	2178	868
2303	2303	1024	2263	2181	869
2559	2303	1024	2516	2179	867
2815	2303	1024	2766	2176	866
3071	2303	1024	3014	2175	864
3327	2303	1024	3247	2178	865
3583	2303	1024	3516	2178	865
3839	2303	1024	3771	2178	865
4095	2303	1024	4026	2180	865
0	2559	1024	0	2407	877
256	2559	1024	254	2418	871
512	2559	1024	507	2420	870
768	2559	1024	755	2422	870
1024	2559	1024	1005	2423	870
1280	2559	1024	1268	2421	868
1536	2559	1024	1503	2424	868
1792	2559	1024	1751	2420	866
2048	2559	1024	2000	2424	867
2303	2559	1024	2262	2427	868
2559	2559	1024	2515	2425	867
2815	2559	1024	2765	2422	865
3071	2559	1024	3013	2420	864
3327	2559	1024	3245	2423	864
3583	2559	1024	3515	2423	865
3839	2559	1024	3768	2422	864
4095	2559	1024	4025	2426	865
0	2815	1024	0	2640	877
256	2815	1024	253	2651	871
512	2815	1024	506	2653	870
768	2815	1024	754	2655	870
1024	2815	1024	1004	2656	869
1280	2815	1024	1268	2655	868
1536	2815	1024	1502	2657	868
1792	2815	1024	1751	2655	867
2048	2815	1024	1998	2656	867
2303	2815	1024	2261	2660	868
2559	2815	1024	2514	2657	866
2815	2815	1024	2764	2655	865
3071	2815	1024	3012	2652	864
3327	2815	1024	3245	2656	864
3583	2815	1024	3514	2655	864
3839	2815	1024	3770	2656	864
4095	2815	1024	4025	2658	864
0	3071	1024	0	2873	877
256	3071	1024	253	2885	871
512	3071	1024	506	2887	870
768	3071	1024	753	2887	869
1024	3071	1024	1003	2889	869
1280	3071	1024	1269	2891	869
1536	3071	1024	1501	2888	867
1792	3071	1024	1753	2890	868
2048	3071	1024	1999	2890	867
2303	3071	1024	2260	2892	867
2559	3071	1024	2513	2889	866
2815	3071	1024	2765	2889	866
3071	3071	1024	3014	2887	865
3327	3071	1024	3245	2889	865
3583	3071	1024	3513	2887	864
3839	3071	1024	3771	2891	865
4095	3071	1024	4023	2890	864
0	3327	1024	0	3102	876
256	3327	1024	252	3118	872
512	3327	1024	506	3120	871
768	3327	1024	752	3116	868
1024	3327	1024	1002	3119	869
1280	3327	1024	1268	3122	869
1536	3327	1024	1500	3120	868
1792	3327	1024	1752	3122	868
2048	3327	1024	2001	3125	868
2303	3327	1024	2262	3126	869
2559	3327	1024	2514	3123	867
2815	3327	1024	2767	3123	866
3071	3327	1024	3016	3121	865
3327	3327	1024	3244	3120	864
3583	3327	1024	3514	3120	865
3839	3327	1024	3772	3123	865
4095	3327	1024	4023	3122	864
0	3583	1024	0	3342	878
256	3583	1024	252	3356	872
512	3583	1024	505	3359	871
768	3583	1024	752	3356	870
1024	3583	1024	1002	3359	870
1280	3583	1024	1268	3361	869
1536	3583	1024	1501	3362	869
1792	3583	1024	1752	3361	868
2048	3583	1024	2000	3364	868
2303	3583	1024	2264	3368	869
2559	3583	1024	2516	3365	868
2815	3583	1024	2767	3362	866
3071	3583	1024	3015	3359	865
3327	3583	1024	3245	3360	865
3583	3583	1024	3518	3363	865
3839	3583	1024	3773	3363	865
4095	3583	1024	4026	3364	865
0	3839	1024	0	3581	878
256	3839	1024	252	3592	873
512	3839	1024	505	3595	872
768	3839	1024	753	3595	870
1024	3839	1024	1003	3598	870
1280	3839	1024	1269	3599	870
1536	3839	1024	1501	3597	868
1792	3839	1024	1753	3599	869
2048	3839	1024	2000	3599	869
2303	3839	1024	2262	3601	868
2559	3839	1024	2515	3598	867
2815	3839	1024	2768	3599	867
3071	3839	1024	3017	3596	866
3327	3839	1024	3248	3599	866
3583	3839	1024	3516	3598	865
3839	3839	1024	3774	3601	866
4095	3839	1024	4028	3601	865
0	4095	1024	0	3805	876
256	4095	1024	251	3824	871
512	4095	1024	505	3828	870
768	4095	1024	752	3824	869
1024	4095	1024	1002	3826	868
1280	4095	1024	1267	3827	868
1536	4095	1024	1499	3825	867
1792	4095	1024	1751	3828	867
2048	4095	1024	2001	3833	868
2303	4095	1024	2261	3832	867
2559	4095	1024	2513	3828	866
2815	4095	1024	2769	3832	866
3071	4095	1024	3018	3830	864
3327	4095	1024	3245	3827	863
3583	4095	1024	3515	3828	864
3839	4095	1024	3773	3831	863
4095	4095	1024	4026	3831	864
0	0	1280	0	0	1103
256	0	1280	264	1	1095
512	0	1280	518	2	1095
768	0	1280	768	2	1093
1024	0	1280	1020	3	1093
1280	0	1280	1286	3	1092
1536	0	1280	1519	4	1090
1792	0	1280	1771	4	1090
2048	0	1280	2019	5	1090
2303	0	1280	2283	5	1090
2559	0	1280	2537	5	1089
2815	0	1280	2787	6	1087
3071	0	1280	3036	6	1085
3327	0	1280	3269	7	1087
3583	0	1280	3536	7	1085
3839	0	1280	3795	8	1087
4095	0	1280	4044	8	1085
0	256	1280	0	253	1103
256	256	1280	263	255	1097
512	256	1280	518	256	1096
768	256	1280	768	256	1094
1024	256	1280	1020	257	1095
1280	256	1280	1288	258	1094
1536	256	1280	1521	257	1092
1792	256	1280	1775	258	1093
2048	256	1280	2021	259	1091
2303	256	1280	2285	260	1092
2559	256	1280	2538	259	1090
2815	256	1280	2790	259	1089
3071	256	1280	3039	259	1087
3327	256	1280	3271	260	1088
3583	256	1280	3540	260	1087
3839	256	1280	3797	261	1088
4095	256	1280	4050	261	1087
0	512	1280	0	503	1101
256	512	1280	262	508	1097
512	512	1280	516	509	1095
768	512	1280	766	508	1093
1024	512	1280	1017	509	1093
1280	512	1280	1284	510	1092
1536	512	1280	1518	510	1091
1792	512	1280	1770	510	1091
2048	512	1280	2019	512	1091
2303	512	1280	2284	512	1092
2559	512	1280	2537	512	1090
2815	512	1280	2788	512	1088
3071	512	1280	3037	512	1087
3327	512	1280	3266	512	1086
3583	512	1280	3539	512	1087
3839	512	1280	3791	512	1086
4095	512	1280	4043	512	1085
0	768	1280	0	739	1101
256	768	1280	260	744	1095
512	768	1280	515	746	1094
768	768	1280	766	747	1094
1024	768	1280	1016	746	1092
1280	768	1280	1283	747	1092
1536	768	1280	1519	748	1092
1792	768	1280	1769	747	1090
2048	768	1280	2017	748	1090
2303	768	1280	2282	750	1091
2559	768	1280	2535	749	1089
2815	768	1280	2788	749	1088
3071	768	1280	3035	748	1086
3327	768	1280	3263	748	1085
3583	768	1280	3536	749	1086
3839	768	1280	3790	749	1085
4095	768	1280	4046	750	1086
0	1024	1280	0	978	1100
256	1024	1280	259	982	1093
512	1024	1280	514	984	1092
768	1024	1280	764	984	1091
1024	1024	1280	1015	986	1091
1280	1024	1280	1280	985	1089
1536	1024	1280	1514	986	1089
1792	1024	1280	1764	984	1087
2048	1024	1280	2012	986	1087
2303	1024	1280	2275	987	1087
2559	1024	1280	2530	987	1087
2815	1024	1280	2782	986	1085
3071	1024	1280	3030	986	1084
3327	1024	1280	3261	987	1083
3583	1024	1280	3529	986	1082
3839	1024	1280	3788	988	1084
4095	1024	1280	4040	987	1083
0	1280	1280	0	1225	1098
256	1280	1280	258	1231	1091
512	1280	1280	512	1232	1089
768	1280	1280	762	1234	1089
1024	1280	1280	1013	1235	1089
1280	1280	1280	1277	1234	1087
1536	1280	1280	1513	1235	1087
1792	1280	1280	1761	1233	1085
2048	1280	1280	2009	1235	1085
2303	1280	1280	2273	1237	1086
2559	1280	1280	2527	1236	1085
2815	1280	1280	2778	1234	1083
3071	1280	1280	3027	1235	1082
3327	1280	1280	3255	1234	1081
3583	1280	1280	3527	1235	1081
3839	1280	1280	3783	1235	1081
4095	1280	1280	4037	1237	1082
0	1536	1280	0	1455	1096
256	1536	1280	257	1463	1090
512	1536	1280	512	1465	1089
768	1536	1280	762	1467	1089
1024	1536	1280	1013	1468	1089
1280	1536	1280	1276	1466	1086
1536	1536	1280	1511	1466	1086
1792	1536	1280	1760	1465	1084
2048	1536	1280	2008	1466	1084
2303	1536	1280	2272	1469	1085
2559	1536	1280	2525	1467	1084
2815	1536	1280	2775	1465	1082
3071	1536	1280	3026	1466	1081
3327	1536	1280	3253	1465	1080
3583	1536	1280	3528	1468	1081
3839	1536	1280	3781	1467	1080
4095	1536	1280	4036	1469	1081
0	1792	1280	0	1686	1097
256	1792	1280	257	1693	1089
512	1792	1280	511	1695	1088
768	1792	1280	760	1696	1087
1024	1792	1280	1012	1699	1087
1280	1792	1280	1278	1700	1088
1536	1792	1280	1510	1697	1085
1792	1792	1280	1761	1698	1085
2048	1792	1280	2008	1698	1084
2303	1792	1280	2271	1700	1085
2559	1792	1280	2524	1698	1083
2815	1792	1280	2775	1697	1081
3071	1792	1280	3023	1695	1080
3327	1792	1280	3255	1697	1080
3583	1792	1280	3526	1698	1080
3839	1792	1280	3783	1699	1081
4095	1792	1280	4034	1699	1080
0	2048	1280	0	1922	1096
256	2048	1280	256	1928	1088
512	2048	1280	510	1930	1087
768	2048	1280	758	1931	1086
1024	2048	1280	1010	1934	1086
1280	2048	1280	1276	1934	1085
1536	2048	1280	1508	1932	1084
1792	2048	1280	1761	1934	1085
2048	2048	1280	2006	1932	1083
2303	2048	1280	2269	1935	1084
2559	2048	1280	2522	1933	1082
2815	2048	1280	2773	1931	1080
3071	2048	1280	3021	1929	1079
3327	2048	1280	3255	1932	1080
3583	2048	1280	3523	1931	1079
3839	2048	1280	3783	1935	1080
4095	2048	1280	4032	1933	1079
0	2303	1280	0	2171	1093
256	2303	1280	255	2180	1086
512	2303	1280	509	2182	1086
768	2303	1280	757	2183	1086
1024	2303	1280	1009	2186	1085
1280	2303	1280	1273	2183	1083
1536	2303	1280	1507	2185	1083
1792	2303	1280	1757	2184	1082
2048	2303	1280	2004	2184	1082
2303	2303	1280	2267	2187	1083
2559	2303	1280	2520	2184	1081
2815	2303	1280	2771	2182	1079
3071	2303	1280	3020	2181	1078
3327	2303	1280	3251	2182	1078
3583	2303	1280	3521	2183	1078
3839	2303	1280	3778	2184	1078
4095	2303	1280	4031	2185	1078
0	2559	1280	0	2412	1092
256	2559	1280	254	2425	1086
512	2559	1280	508	2427	1085
768	2559	1280	757	2428	1085
1024	2559	1280	1006	2428	1083
1280	2559	1280	1272	2429	1083
1536	2559	1280	1506	2430	1083
1792	2559	1280	1755	2428	1081
2048	2559	1280	2003	2429	1081
2303	2559	1280	2266	2433	1082
2559	2559	1280	2520	2430	1080
2815	2559	1280	2769	2427	1078
3071	2559	1280	3019	2427	1078
3327	2559	1280	3247	2425	1076
3583	2559	1280	3520	2428	1077
3839	2559	1280	3775	2428	1077
4095	2559	1280	4030	2430	1078
0	2815	1280	0	2647	1093
256	2815	1280	254	2658	1086
512	2815	1280	508	2661	1085
768	2815	1280	756	2661	1084
1024	2815	1280	1006	2661	1084
1280	2815	1280	1271	2662	1082
1536	2815	1280	1505	2663	1082
1792	2815	1280	1754	2660	1080
2048	2815	1280	2002	2662	1081
2303	2815	1280	2265	2665	1081
2559	2815	1280	2518	2663	1080
2815	2815	1280	2769	2661	1079
3071	2815	1280	3018	2659	1077
3327	2815	1280	3248	2659	1077
3583	2815	1280	3518	2660	1076
3839	2815	1280	3774	2660	1076
4095	2815	1280	4030	2663	1077
0	3071	1280	0	2880	1093
256	3071	1280	254	2891	1085
512	3071	1280	507	2894	1084
768	3071	1280	755	2894	1083
1024	3071	1280	1005	2896	1083
1280	3071	1280	1271	2896	1083
1536	3071	1280	1504	2895	1081
1792	3071	1280	1755	2896	1082
2048	3071	1280	2002	2896	1080
2303	3071	1280	2264	2898	1081
2559	3071	1280	2518	2896	1080
2815	3071	1280	2769	2894	1078
3071	3071	1280	3019	2894	1078
3327	3071	1280	3250	2894	1077
3583	3071	1280	3518	2893	1077
3839	3071	1280	3775	2895	1078
4095	3071	1280	4029	2896	1077
0	3327	1280	0	3109	1093
256	3327	1280	253	3123	1086
512	3327	1280	507	3125	1086
768	3327	1280	754	3125	1084
1024	3327	1280	1005	3127	1083
1280	3327	1280	1271	3129	1083
1536	3327	1280	1503	3126	1081
1792	3327	1280	1756	3130	1082
2048	3327	1280	2003	3129	1082
2303	3327	1280	2266	3132	1083
2559	3327	1280	2520	3130	1081
2815	3327	1280	2769	3126	1079
3071	3327	1280	3021	3127	1078
3327	3327	1280	3250	3126	1078
3583	3327	1280	3521	3128	1079
3839	3327	1280	3778	3130	1078
4095	3327	1280	4028	3128	1077
0	3583	1280	0	3350	1094
256	3583	1280	253	3365	1087
512	3583	1280	507	3367	1086
768	3583	1280	755	3366	1085
1024	3583	1280	1005	3368	1085
1280	3583	1280	1270	3367	1083
1536	3583	1280	1503	3367	1083
1792	3583	1280	1755	3368	1082
2048	3583	1280	2004	3371	1082
2303	3583	1280	2267	3374	1083
2559	3583	1280	2520	3371	1081
2815	3583	1280	2771	3368	1080
3071	3583	1280	3021	3366	1079
3327	3583	1280	3251	3368	1079
3583	3583	1280	3523	3370	1079
3839	3583	1280	3778	3369	1078
4095	3583	1280	4030	3369	1079
0	3839	1280	0	3586	1094
256	3839	1280	253	3602	1088
512	3839	1280	507	3605	1088
768	3839	1280	755	3605	1085
1024	3839	1280	1005	3606	1085
1280	3839	1280	1270	3604	1084
1536	3839	1280	1504	3605	1083
1792	3839	1280	1755	3605	1083
2048	3839	1280	2004	3608	1084
2303	3839	1280	2267	3609	1083
2559	3839	1280	2519	3606	1081
2815	3839	1280	2773	3606	1081
3071	3839	1280	3022	3604	1080
3327	3839	1280	3253	3607	1079
3583	3839	1280	3522	3605	1079
3839	3839	1280	3779	3607	1079
4095	3839	1280	4034	3609	1079
0	4095	1280	0	3814	1091
256	4095	1280	252	3834	1085
512	4095	1280	506	3837	1084
768	4095	1280	754	3834	1083
1024	4095	1280	1004	3835	1082
1280	4095	1280	1270	3838	1082
1536	4095	1280	1503	3835	1081
1792	4095	1280	1755	3837	1081
2048	4095	1280	2004	3841	1081
2303	4095	1280	2266	3841	1081
2559	4095	1280	2518	3838	1080
2815	4095	1280	2773	3840	1079
3071	4095	1280	3023	3838	1077
3327	4095	1280	3251	3836	1076
3583	4095	1280	3521	3837	1077
3839	4095	1280	3780	3840	1077
4095	4095	1280	4032	3839	1077
0	0	1536	0	0	1328
256	0	1536	264	1	1320
512	0	1536	519	2	1319
768	0	1536	769	2	1315
1024	0	1536	1021	3	1315
1280	0	1536	1289	4	1316
1536	0	1536	1520	4	1312
1792	0	1536	1775	4	1314
2048	0	1536	2023	5	1313
2303	0	1536	2283	5	1311
2559	0	1536	2542	6	1313
2815	0	1536	2793	6	1310
3071	0	1536	3042	6	1309
3327	0	1536	3270	7	1307
3583	0	1536	3535	7	1305
3839	0	1536	3795	8	1307
4095	0	1536	4045	8	1305
0	256	1536	0	253	1328
256	256	1536	263	256	1322
512	256	1536	519	257	1320
768	256	1536	769	257	1317
1024	256	1536	1020	257	1317
1280	256	1536	1289	258	1317
1536	256	1536	1521	258	1314
1792	256	1536	1775	259	1315
2048	256	1536	2027	260	1317
2303	256	1536	2291	261	1317
2559	256	1536	2544	260	1315
2815	256	1536	2795	260	1312
3071	256	1536	3045	260	1311
3327	256	1536	3272	261	1309
3583	256	1536	3546	261	1311
3839	256	1536	3799	262	1309
4095	256	1536	4050	261	1308
0	512	1536	0	504	1325
256	512	1536	262	508	1318
512	512	1536	516	509	1317
768	512	1536	768	510	1317
1024	512	1536	1020	511	1317
1280	512	1536	1285	511	1314
1536	512	1536	1521	512	1314
1792	512	1536	1771	511	1312
2048	512	1536	2020	512	1313
2303	512	1536	2285	513	1314
2559	512	1536	2538	512	1312
2815	512	1536	2790	512	1309
3071	512	1536	3038	512	1308
3327	512	1536	3271	513	1309
3583	512	1536	3540	512	1308
3839	512	1536	3793	512	1306
4095	512	1536	4050	513	1308
0	768	1536	0	742	1328
256	768	1536	261	745	1317
512	768	1536	516	747	1316
768	768	1536	767	748	1316
1024	768	1536	1019	749	1316
1280	768	1536	1287	750	1317
1536	768	1536	1519	749	1313
1792	768	1536	1773	750	1314
2048	768	1536	2018	749	1311
2303	768	1536	2283	751	1313
2559	768	1536	2536	750	1310
2815	768	1536	2787	749	1308
3071	768	1536	3036	749	1307
3327	768	1536	3269	750	1307
3583	768	1536	3539	750	1307
3839	768	1536	3797	752	1308
4095	768	1536	4050	752	1308
0	1024	1536	0	980	1324
256	1024	1536	260	985	1316
512	1024	1536	515	987	1315
768	1024	1536	764	985	1311
1024	1024	1536	1017	988	1313
1280	1024	1536	1284	989	1313
1536	1024	1536	1515	987	1309
1792	1024	1536	1769	988	1310
2048	1024	1536	2017	989	1310
2303	1024	1536	2277	989	1308
2559	1024	1536	2535	990	1309
2815	1024	1536	2786	989	1307
3071	1024	1536	3036	989	1306
3327	1024	1536	3264	988	1304
3583	1024	1536	3531	987	1302
3839	1024	1536	3791	990	1305
4095	1024	1536	4042	989	1303
0	1280	1536	0	1227	1321
256	1280	1536	258	1233	1312
512	1280	1536	513	1235	1311
768	1280	1536	763	1235	1311
1024	1280	1536	1014	1237	1311
1280	1280	1536	1281	1238	1311
1536	1280	1536	1513	1236	1308
1792	1280	1536	1766	1238	1309
2048	1280	1536	2011	1237	1306
2303	1280	1536	2274	1239	1307
2559	1280	1536	2529	1238	1305
2815	1280	1536	2780	1236	1303
3071	1280	1536	3033	1238	1305
3327	1280	1536	3261	1237	1303
3583	1280	1536	3528	1236	1301
3839	1280	1536	3788	1238	1303
4095	1280	1536	4038	1237	1302
0	1536	1536	0	1458	1320
256	1536	1536	258	1464	1310
512	1536	1536	512	1469	1313
768	1536	1536	762	1467	1310
1024	1536	1536	1013	1469	1309
1280	1536	1536	1279	1470	1309
1536	1536	1536	1511	1468	1307
1792	1536	1536	1765	1470	1308
2048	1536	1536	2009	1468	1305
2303	1536	1536	2273	1471	1306
2559	1536	1536	2527	1469	1305
2815	1536	1536	2777	1468	1302
3071	1536	1536	3031	1470	1303
3327	1536	1536	3260	1469	1302
3583	1536	1536	3528	1468	1301
3839	1536	1536	3787	1471	1303
4095	1536	1536	4037	1469	1301
0	1792	1536	0	1688	1319
256	1792	1536	257	1697	1312
512	1792	1536	512	1700	1312
768	1792	1536	760	1698	1308
1024	1792	1536	1012	1700	1308
1280	1792	1536	1279	1702	1308
1536	1792	1536	1511	1700	1307
1792	1792	1536	1764	1702	1307
2048	1792	1536	2011	1702	1307
2303	1792	1536	2275	1705	1308
2559	1792	1536	2528	1702	1306
2815	1792	1536	2779	1700	1303
3071	1792	1536	3030	1701	1303
3327	1792	1536	3257	1699	1300
3583	1792	1536	3530	1702	1303
3839	1792	1536	3786	1702	1302
4095	1792	1536	4036	1700	1300
0	2048	1536	0	1923	1318
256	2048	1536	257	1935	1312
512	2048	1536	512	1936	1311
768	2048	1536	759	1933	1307
1024	2048	1536	1011	1936	1308
1280	2048	1536	1278	1938	1308
1536	2048	1536	1510	1935	1305
1792	2048	1536	1763	1938	1306
2048	2048	1536	2011	1939	1306
2303	2048	1536	2272	1939	1304
2559	2048	1536	2528	1939	1305
2815	2048	1536	2779	1936	1303
3071	2048	1536	3028	1935	1302
3327	2048	1536	3256	1934	1300
3583	2048	1536	3527	1935	1299
3839	2048	1536	3784	1937	1300
4095	2048	1536	4035	1935	1299
0	2303	1536	0	2175	1317
256	2303	1536	256	2184	1308
512	2303	1536	511	2190	1310
768	2303	1536	758	2186	1307
1024	2303	1536	1010	2188	1306
1280	2303	1536	1276	2191	1306
1536	2303	1536	1508	2187	1304
1792	2303	1536	1761	2190	1305
2048	2303	1536	2007	2188	1302
2303	2303	1536	2268	2189	1303
2559	2303	1536	2524	2189	1302
2815	2303	1536	2774	2187	1300
3071	2303	1536	3026	2188	1301
3327	2303	1536	3254	2186	1299
3583	2303	1536	3522	2185	1298
3839	2303	1536	3782	2189	1299
4095	2303	1536	4033	2187	1298
0	2559	1536	0	2420	1316
256	2559	1536	255	2427	1307
512	2559	1536	510	2432	1306
768	2559	1536	757	2431	1306
1024	2559	1536	1008	2433	1306
1280	2559	1536	1275	2436	1306
1536	2559	1536	1508	2433	1304
1792	2559	1536	1760	2435	1304
2048	2559	1536	2005	2433	1303
2303	2559	1536	2267	2435	1303
2559	2559	1536	2521	2433	1301
2815	2559	1536	2771	2430	1299
3071	2559	1536	3026	2434	1300
3327	2559	1536	3254	2433	1299
3583	2559	1536	3522	2431	1298
3839	2559	1536	3781	2434	1299
4095	2559	1536	4033	2433	1298
0	2815	1536	0	2651	1315
256	2815	1536	255	2663	1309
512	2815	1536	509	2665	1308
768	2815	1536	757	2664	1305
1024	2815	1536	1008	2667	1305
1280	2815	1536	1275	2670	1306
1536	2815	1536	1507	2667	1303
1792	2815	1536	1760	2670	1304
2048	2815	1536	2006	2669	1304
2303	2815	1536	2267	2669	1302
2559	2815	1536	2520	2666	1300
2815	2815	1536	2773	2665	1301
3071	2815	1536	3025	2666	1299
3327	2815	1536	3254	2665	1298
3583	2815	1536	3521	2663	1296
3839	2815	1536	3780	2667	1298
4095	2815	1536	4032	2666	1297
0	3071	1536	0	2881	1315
256	3071	1536	254	2898	1308
512	3071	1536	509	2900	1307
768	3071	1536	756	2896	1304
1024	3071	1536	1006	2899	1304
1280	3071	1536	1273	2902	1305
1536	3071	1536	1505	2898	1302
1792	3071	1536	1759	2903	1303
2048	3071	1536	2007	2904	1304
2303	3071	1536	2268	2904	1304
2559	3071	1536	2522	2902	1303
2815	3071	1536	2773	2900	1300
3071	3071	1536	3023	2898	1299
3327	3071	1536	3252	2897	1297
3583	3071	1536	3523	2898	1299
3839	3071	1536	3780	2900	1298
4095	3071	1536	4031	2898	1296
0	3327	1536	0	3114	1318
256	3327	1536	254	3129	1308
512	3327	1536	508	3130	1307
768	3327	1536	755	3130	1307
1024	3327	1536	1006	3131	1306
1280	3327	1536	1271	3132	1304
1536	3327	1536	1505	3131	1305
1792	3327	1536	1757	3132	1302
2048	3327	1536	2006	3135	1303
2303	3327	1536	2269	3138	1304
2559	3327	1536	2523	3136	1302
2815	3327	1536	2772	3131	1300
3071	3327	1536	3022	3129	1298
3327	3327	1536	3253	3130	1299
3583	3327	1536	3525	3133	1299
3839	3327	1536	3778	3131	1297
4095	3327	1536	4032	3132	1298
0	3583	1536	0	3356	1318
256	3583	1536	253	3369	1310
512	3583	1536	507	3371	1309
768	3583	1536	756	3372	1307
1024	3583	1536	1007	3374	1306
1280	3583	1536	1272	3372	1306
1536	3583	1536	1506	3374	1304
1792	3583	1536	1757	3372	1304
2048	3583	1536	2006	3376	1305
2303	3583	1536	2268	3377	1303
2559	3583	1536	2521	3374	1302
2815	3583	1536	2773	3372	1302
3071	3583	1536	3023	3370	1300
3327	3583	1536	3255	3373	1300
3583	3583	1536	3524	3371	1298
3839	3583	1536	3781	3373	1301
4095	3583	1536	4035	3375	1298
0	3839	1536	0	3591	1318
256	3839	1536	253	3608	1310
512	3839	1536	508	3612	1310
768	3839	1536	756	3609	1309
1024	3839	1536	1006	3609	1306
1280	3839	1536	1273	3612	1306
1536	3839	1536	1506	3610	1307
1792	3839	1536	1758	3611	1304
2048	3839	1536	2008	3615	1305
2303	3839	1536	2269	3614	1306
2559	3839	1536	2522	3612	1304
2815	3839	1536	2776	3612	1302
3071	3839	1536	3026	3610	1301
3327	3839	1536	3255	3610	1299
3583	3839	1536	3525	3609	1301
3839	3839	1536	3786	3615	1300
4095	3839	1536	4037	3613	1301
0	4095	1536	0	3821	1317
256	4095	1536	252	3837	1306
512	4095	1536	507	3842	1305
768	4095	1536	756	3842	1305
1024	4095	1536	1005	3840	1305
1280	4095	1536	1272	3843	1305
1536	4095	1536	1506	3844	1302
1792	4095	1536	1757	3843	1303
2048	4095	1536	2005	3844	1301
2303	4095	1536	2269	3849	1302
2559	4095	1536	2523	3846	1300
2815	4095	1536	2774	3842	1298
3071	4095	1536	3024	3840	1296
3327	4095	1536	3254	3840	1298
3583	4095	1536	3526	3843	1297
3839	4095	1536	3782	3844	1298
4095	4095	1536	4039	3847	1297
0	0	1792	1	1	1532
256	0	1792	265	1	1520
512	0	1792	521	2	1519
768	0	1792	772	3	1517
1024	0	1792	1024	3	1517
1280	0	1792	1293	4	1519
1536	0	1792	1525	4	1514
1792	0	1792	1780	4	1515
2048	0	1792	2025	5	1513
2303	0	1792	2290	5	1514
2559	0	1792	2543	6	1511
2815	0	1792	2794	6	1508
3071	0	1792	3043	7	1506
3327	0	1792	3279	7	1509
3583	0	1792	3543	7	1506
3839	0	1792	3804	8	1508
4095	0	1792	4053	8	1505
0	256	1792	0	254	1532
256	256	1792	264	256	1520
512	256	1792	519	257	1519
768	256	1792	771	258	1517
1024	256	1792	1024	259	1517
1280	256	1792	1293	260	1519
1536	256	1792	1526	259	1514
1792	256	1792	1781	260	1516
2048	256	1792	2027	260	1513
2303	256	1792	2292	261	1514
2559	256	1792	2545	261	1511
2815	256	1792	2796	261	1508
3071	256	1792	3052	262	1507
3327	256	1792	3280	262	1509
3583	256	1792	3548	262	1506
3839	256	1792	3808	263	1509
4095	256	1792	4058	263	1506
0	512	1792	0	507	1531
256	512	1792	263	511	1521
512	512	1792	518	511	1520
768	512	1792	768	511	1519
1024	512	1792	1021	512	1519
1280	512	1792	1288	512	1520
1536	512	1792	1522	512	1516
1792	512	1792	1776	513	1517
2048	512	1792	2025	514	1515
2303	512	1792	2290	515	1516
2559	512	1792	2546	515	1514
2815	512	1792	2796	514	1510
3071	512	1792	3045	513	1512
3327	512	1792	3274	514	1510
3583	512	1792	3547	515	1508
3839	512	1792	3801	515	1511
4095	512	1792	4052	514	1508
0	768	1792	0	743	1528
256	768	1792	262	748	1521
512	768	1792	517	750	1519
768	768	1792	769	751	1516
1024	768	1792	1022	752	1516
1280	768	1792	1288	751	1515
1536	768	1792	1524	752	1513
1792	768	1792	1774	751	1513
2048	768	1792	2024	753	1514
2303	768	1792	2289	754	1515
2559	768	1792	2543	753	1514
2815	768	1792	2793	752	1510
3071	768	1792	3045	752	1508
3327	768	1792	3272	751	1507
3583	768	1792	3546	753	1508
3839	768	1792	3800	753	1507
4095	768	1792	4057	754	1506
0	1024	1792	0	983	1526
256	1024	1792	261	987	1519
512	1024	1792	516	989	1517
768	1024	1792	767	990	1518
1024	1024	1792	1020	991	1518
1280	1024	1792	1287	993	1515
1536	1024	1792	1519	991	1515
1792	1024	1792	1773	992	1512
2048	1024	1792	2019	992	1512
2303	1024	1792	2283	993	1514
2559	1024	1792	2537	992	1511
2815	1024	1792	2788	991	1508
3071	1024	1792	3038	990	1508
3327	1024	1792	3270	992	1506
3583	1024	1792	3539	991	1507
3839	1024	1792	3799	993	1506
4095	1024	1792	4050	992	1508
0	1280	1792	0	1229	1525
256	1280	1792	259	1236	1514
512	1280	1792	514	1238	1513
768	1280	1792	766	1240	1513
1024	1280	1792	1017	1241	1514
1280	1280	1792	1282	1240	1514
1536	1280	1792	1517	1240	1510
1792	1280	1792	1768	1240	1511
2048	1280	1792	2016	1241	1508
2303	1280	1792	2280	1243	1509
2559	1280	1792	2534	1242	1507
2815	1280	1792	2784	1240	1504
3071	1280	1792	3034	1240	1503
3327	1280	1792	3267	1241	1504
3583	1280	1792	3536	1240	1503
3839	1280	1792	3790	1240	1505
4095	1280	1792	4047	1242	1503
0	1536	1792	0	1459	1520
256	1536	1792	259	1469	1513
512	1536	1792	513	1471	1512
768	1536	1792	764	1472	1512
1024	1536	1792	1016	1474	1512
1280	1536	1792	1280	1472	1508
1536	1536	1792	1516	1474	1509
1792	1536	1792	1766	1472	1506
2048	1536	1792	2014	1473	1506
2303	1536	1792	2278	1476	1508
2559	1536	1792	2532	1474	1505
2815	1536	1792	2784	1473	1503
3071	1536	1792	3033	1472	1502
3327	1536	1792	3267	1474	1503
3583	1536	1792	3535	1473	1501
3839	1536	1792	3788	1472	1500
4095	1536	1792	4046	1475	1502
0	1792	1792	0	1693	1519
256	1792	1792	258	1700	1512
512	1792	1792	512	1703	1511
768	1792	1792	763	1703	1510
1024	1792	1792	1015	1706	1510
1280	1792	1792	1282	1707	1507
1536	1792	1792	1515	1705	1508
1792	1792	1792	1767	1706	1506
2048	1792	1792	2013	1705	1505
2303	1792	1792	2277	1708	1507
2559	1792	1792	2531	1705	1504
2815	1792	1792	2782	1704	1503
3071	1792	1792	3036	1706	1501
3327	1792	1792	3265	1705	1502
3583	1792	1792	3534	1704	1501
3839	1792	1792	3791	1706	1500
4095	1792	1792	4044	1705	1501
0	2048	1792	0	1929	1522
256	2048	1792	257	1936	1510
512	2048	1792	512	1938	1510
768	2048	1792	762	1939	1509
1024	2048	1792	1014	1941	1509
1280	2048	1792	1281	1944	1510
1536	2048	1792	1513	1940	1506
1792	2048	1792	1766	1942	1507
2048	2048	1792	2012	1940	1505
2303	2048	1792	2275	1942	1506
2559	2048	1792	2530	1941	1503
2815	2048	1792	2781	1939	1501
3071	2048	1792	3032	1939	1504
3327	2048	1792	3262	1939	1501
3583	2048	1792	3532	1939	1500
3839	2048	1792	3791	1942	1501
4095	2048	1792	4043	1941	1499
0	2303	1792	0	2177	1519
256	2303	1792	256	2188	1510
512	2303	1792	511	2191	1509
768	2303	1792	760	2192	1508
1024	2303	1792	1013	2195	1508
1280	2303	1792	1278	2194	1508
1536	2303	1792	1512	2193	1505
1792	2303	1792	1762	2192	1506
2048	2303	1792	2010	2192	1503
2303	2303	1792	2273	2195	1504
2559	2303	1792	2527	2193	1503
2815	2303	1792	2778	2191	1501
3071	2303	1792	3027	2189	1498
3327	2303	1792	3261	2192	1500
3583	2303	1792	3530	2191	1498
3839	2303	1792	3787	2192	1500
4095	2303	1792	4041	2193	1499
0	2559	1792	0	2420	1514
256	2559	1792	256	2433	1507
512	2559	1792	511	2436	1507
768	2559	1792	760	2438	1507
1024	2559	1792	1012	2441	1508
1280	2559	1792	1276	2438	1504
1536	2559	1792	1512	2440	1504
1792	2559	1792	1760	2436	1502
2048	2559	1792	2009	2439	1502
2303	2559	1792	2272	2441	1503
2559	2559	1792	2526	2439	1501
2815	2559	1792	2776	2436	1498
3071	2559	1792	3027	2435	1498
3327	2559	1792	3260	2438	1499
3583	2559	1792	3529	2437	1497
3839	2559	1792	3783	2436	1496
4095	2559	1792	4040	2439	1498
0	2815	1792	0	2655	1515
256	2815	1792	256	2668	1508
512	2815	1792	510	2669	1507
768	2815	1792	759	2671	1506
1024	2815	1792	1011	2674	1507
1280	2815	1792	1277	2674	1504
1536	2815	1792	1511	2674	1504
1792	2815	1792	1762	2673	1501
2048	2815	1792	2008	2673	1502
2303	2815	1792	2272	2675	1503
2559	2815	1792	2525	2673	1501
2815	2815	1792	2776	2670	1498
3071	2815	1792	3026	2668	1497
3327	2815	1792	3259	2671	1498
3583	2815	1792	3528	2670	1497
3839	2815	1792	3785	2672	1495
4095	2815	1792	4039	2672	1497
0	3071	1792	0	2890	1517
256	3071	1792	255	2904	1507
512	3071	1792	510	2905	1506
768	3071	1792	758	2904	1505
1024	3071	1792	1009	2906	1505
1280	3071	1792	1277	2910	1505
1536	3071	1792	1509	2906	1503
1792	3071	1792	1763	2909	1504
2048	3071	1792	2009	2909	1501
2303	3071	1792	2271	2909	1502
2559	3071	1792	2524	2907	1500
2815	3071	1792	2775	2903	1498
3071	3071	1792	3027	2903	1496
3327	3071	1792	3259	2905	1497
3583	3071	1792	3526	2902	1495
3839	3071	1792	3787	2908	1498
4095	3071	1792	4038	2905	1496
0	3327	1792	0	3120	1517
256	3327	1792	255	3138	1510
512	3327	1792	510	3141	1509
768	3327	1792	757	3135	1505
1024	3327	1792	1008	3137	1504
1280	3327	1792	1275	3141	1505
1536	3327	1792	1509	3140	1502
1792	3327	1792	1761	3140	1503
2048	3327	1792	2011	3144	1504
2303	3327	1792	2273	3144	1502
2559	3327	1792	2526	3141	1500
2815	3327	1792	2776	3137	1498
3071	3327	1792	3029	3138	1499
3327	3327	1792	3259	3138	1498
3583	3327	1792	3529	3138	1495
3839	3327	1792	3786	3140	1497
4095	3327	1792	4037	3138	1496
0	3583	1792	0	3361	1518
256	3583	1792	254	3376	1509
512	3583	1792	509	3378	1508
768	3583	1792	757	3376	1505
1024	3583	1792	1008	3378	1504
1280	3583	1792	1275	3381	1505
1536	3583	1792	1510	3381	1505
1792	3583	1792	1762	3380	1502
2048	3583	1792	2010	3382	1503
2303	3583	1792	2274	3386	1505
2559	3583	1792	2527	3381	1502
2815	3583	1792	2778	3378	1500
3071	3583	1792	3028	3377	1498
3327	3583	1792	3259	3378	1497
3583	3583	1792	3532	3380	1499
3839	3583	1792	3788	3380	1497
4095	3583	1792	4039	3378	1496
0	3839	1792	0	3600	1521
256	3839	1792	254	3613	1509
512	3839	1792	509	3616	1508
768	3839	1792	757	3614	1507
1024	3839	1792	1009	3617	1507
1280	3839	1792	1277	3622	1507
1536	3839	1792	1508	3616	1504
1792	3839	1792	1763	3622	1506
2048	3839	1792	2010	3620	1503
2303	3839	1792	2273	3622	1504
2559	3839	1792	2526	3618	1501
2815	3839	1792	2780	3618	1500
3071	3839	1792	3029	3615	1498
3327	3839	1792	3262	3618	1500
3583	3839	1792	3530	3616	1498
3839	3839	1792	3791	3622	1500
4095	3839	1792	4042	3619	1498
0	4095	1792	0	3828	1520
256	4095	1792	253	3846	1511
512	4095	1792	509	3850	1510
768	4095	1792	756	3845	1506
1024	4095	1792	1007	3848	1505
1280	4095	1792	1275	3853	1507
1536	4095	1792	1507	3849	1504
1792	4095	1792	1760	3850	1504
2048	4095	1792	2009	3854	1505
2303	4095	1792	2272	3854	1503
2559	4095	1792	2525	3850	1501
2815	4095	1792	2780	3852	1502
3071	4095	1792	3030	3849	1500
3327	4095	1792	3258	3846	1498
3583	4095	1792	3529	3847	1497
3839	4095	1792	3788	3849	1498
4095	4095	1792	4041	3850	1497
0	0	2048	1	1	1744
256	0	2048	266	1	1732
512	0	2048	522	2	1730
768	0	2048	774	3	1730
1024	0	2048	1027	3	1730
1280	0	2048	1296	4	1730
1536	0	2048	1529	4	1726
1792	0	2048	1784	4	1727
2048	0	2048	2029	5	1724
2303	0	2048	2294	6	1725
2559	0	2048	2548	6	1722
2815	0	2048	2799	6	1719
3071	0	2048	3050	7	1718
3327	0	2048	3283	7	1720
3583	0	2048	3551	7	1718
3839	0	2048	3811	8	1720
4095	0	2048	4062	8	1718
0	256	2048	0	255	1744
256	256	2048	265	257	1732
512	256	2048	521	258	1731
768	256	2048	774	259	1731
1024	256	2048	1027	260	1731
1280	256	2048	1297	261	1731
1536	256	2048	1531	261	1727
1792	256	2048	1786	261	1728
2048	256	2048	2031	261	1725
2303	256	2048	2297	263	1726
2559	256	2048	2550	262	1723
2815	256	2048	2803	262	1720
3071	256	2048	3059	263	1720
3327	256	2048	3287	263	1721
3583	256	2048	3556	263	1719
3839	256	2048	3816	264	1721
4095	256	2048	4066	264	1718
0	512	2048	0	508	1744
256	512	2048	264	512	1734
512	512	2048	520	513	1733
768	512	2048	771	512	1732
1024	512	2048	1024	513	1732
1280	512	2048	1292	514	1732
1536	512	2048	1525	513	1729
1792	512	2048	1780	514	1729
2048	512	2048	2030	516	1727
2303	512	2048	2295	517	1729
2559	512	2048	2550	516	1726
2815	512	2048	2801	516	1723
3071	512	2048	3051	515	1724
3327	512	2048	3280	515	1722
3583	512	2048	3555	516	1721
3839	512	2048	3810	516	1722
4095	512	2048	4059	516	1720
0	768	2048	0	745	1740
256	768	2048	263	751	1734
512	768	2048	520	753	1733
768	768	2048	772	754	1729
1024	768	2048	1023	753	1728
1280	768	2048	1291	754	1728
1536	768	2048	1528	755	1726
1792	768	2048	1778	754	1725
2048	768	2048	2029	755	1726
2303	768	2048	2294	757	1728
2559	768	2048	2548	756	1725
2815	768	2048	2800	755	1722
3071	768	2048	3050	754	1720
3327	768	2048	3278	754	1718
3583	768	2048	3553	755	1720
3839	768	2048	3807	755	1719
4095	768	2048	4066	757	1718
0	1024	2048	0	986	1740
256	1024	2048	262	990	1731
512	1024	2048	518	992	1730
768	1024	2048	769	993	1730
1024	1024	2048	1021	994	1727
1280	1024	2048	1290	996	1727
1536	1024	2048	1523	994	1727
1792	1024	2048	1778	995	1724
2048	1024	2048	2023	994	1724
2303	1024	2048	2288	996	1725
2559	1024	2048	2542	995	1722
2815	1024	2048	2794	994	1720
3071	1024	2048	3043	993	1718
3327	1024	2048	3277	995	1717
3583	1024	2048	3546	994	1718
3839	1024	2048	3805	996	1717
4095	1024	2048	4059	995	1719
0	1280	2048	0	1233	1738
256	1280	2048	260	1240	1726
512	1280	2048	516	1242	1725
768	1280	2048	768	1244	1725
1024	1280	2048	1020	1245	1726
1280	1280	2048	1285	1243	1725
1536	1280	2048	1521	1245	1722
1792	1280	2048	1772	1243	1722
2048	1280	2048	2021	1245	1720
2303	1280	2048	2285	1247	1721
2559	1280	2048	2539	1245	1718
2815	1280	2048	2790	1244	1716
3071	1280	2048	3040	1243	1714
3327	1280	2048	3276	1246	1716
3583	1280	2048	3544	1245	1714
3839	1280	2048	3797	1244	1715
4095	1280	2048	4054	1245	1714
0	1536	2048	0	1463	1733
256	1536	2048	260	1473	1725
512	1536	2048	515	1475	1724
768	1536	2048	767	1477	1724
1024	1536	2048	1019	1479	1725
1280	1536	2048	1284	1476	1720
1536	1536	2048	1520	1478	1721
1792	1536	2048	1770	1476	1717
2048	1536	2048	2020	1478	1719
2303	1536	2048	2284	1481	1720
2559	1536	2048	2538	1479	1718
2815	1536	2048	2790	1477	1714
3071	1536	2048	3038	1476	1713
3327	1536	2048	3274	1479	1716
3583	1536	2048	3543	1478	1713
3839	1536	2048	3795	1476	1711
4095	1536	2048	4055	1480	1713
0	1792	2048	0	1698	1733
256	1792	2048	259	1706	1724
512	1792	2048	514	1708	1723
768	1792	2048	765	1709	1723
1024	1792	2048	1018	1711	1723
1280	1792	2048	1285	1712	1720
1536	1792	2048	1519	1710	1720
1792	1792	2048	1771	1711	1718
2048	1792	2048	2018	1710	1717
2303	1792	2048	2282	1713	1719
2559	1792	2048	2537	1711	1717
2815	1792	2048	2788	1709	1714
3071	1792	2048	3042	1711	1713
3327	1792	2048	3272	1710	1714
3583	1792	2048	3541	1710	1712
3839	1792	2048	3798	1711	1711
4095	1792	2048	4053	1711	1713
0	2048	2048	0	1935	1736
256	2048	2048	258	1942	1723
512	2048	2048	513	1944	1722
768	2048	2048	764	1945	1722
1024	2048	2048	1017	1946	1721
1280	2048	2048	1285	1949	1722
1536	2048	2048	1517	1945	1718
1792	2048	2048	1771	1947	1720
2048	2048	2048	2016	1945	1716
2303	2048	2048	2281	1948	1717
2559	2048	2048	2535	1945	1715
2815	2048	2048	2785	1943	1712
3071	2048	2048	3038	1945	1714
3327	2048	2048	3269	1945	1712
3583	2048	2048	3539	1944	1711
3839	2048	2048	3798	1947	1713
4095	2048	2048	4050	1945	1711
0	2303	2048	0	2184	1733
256	2303	2048	257	2194	1721
512	2303	2048	512	2196	1721
768	2303	2048	763	2198	1720
1024	2303	2048	1016	2201	1720
1280	2303	2048	1282	2200	1720
1536	2303	2048	1516	2200	1717
1792	2303	2048	1767	2198	1717
2048	2303	2048	2015	2200	1715
2303	2303	2048	2279	2202	1716
2559	2303	2048	2532	2199	1714
2815	2303	2048	2783	2197	1711
3071	2303	2048	3034	2195	1709
3327	2303	2048	3268	2199	1711
3583	2303	2048	3537	2197	1709
3839	2303	2048	3792	2197	1710
4095	2303	2048	4049	2199	1709
0	2559	2048	0	2426	1728
256	2559	2048	257	2441	1720
512	2559	2048	512	2443	1719
768	2559	2048	762	2445	1719
1024	2559	2048	1015	2448	1719
1280	2559	2048	1279	2444	1715
1536	2559	2048	1516	2447	1716
1792	2559	2048	1764	2442	1713
2048	2559	2048	2014	2446	1714
2303	2559	2048	2279	2450	1716
2559	2559	2048	2533	2447	1713
2815	2559	2048	2783	2443	1710
3071	2559	2048	3033	2442	1708
3327	2559	2048	3265	2443	1710
3583	2559	2048	3536	2444	1709
3839	2559	2048	3789	2442	1707
4095	2559	2048	4049	2446	1709
0	2815	2048	0	2662	1728
256	2815	2048	257	2675	1720
512	2815	2048	512	2677	1718
768	2815	2048	762	2679	1718
1024	2815	2048	1014	2682	1718
1280	2815	2048	1279	2678	1715
1536	2815	2048	1515	2681	1715
1792	2815	2048	1766	2680	1713
2048	2815	2048	2013	2680	1713
2303	2815	2048	2278	2683	1715
2559	2815	2048	2532	2681	1713
2815	2815	2048	2782	2677	1710
3071	2815	2048	3032	2675	1708
3327	2815	2048	3264	2676	1707
3583	2815	2048	3535	2677	1708
3839	2815	2048	3792	2678	1707
4095	2815	2048	4048	2680	1708
0	3071	2048	0	2898	1731
256	3071	2048	256	2911	1719
512	3071	2048	511	2913	1718
768	3071	2048	760	2912	1717
1024	3071	2048	1012	2915	1718
1280	3071	2048	1279	2915	1715
1536	3071	2048	1513	2914	1714
1792	3071	2048	1768	2918	1716
2048	3071	2048	2013	2914	1712
2303	3071	2048	2277	2917	1714
2559	3071	2048	2530	2914	1712
2815	3071	2048	2781	2911	1709
3071	3071	2048	3033	2911	1708
3327	3071	2048	3265	2913	1709
3583	3071	2048	3534	2911	1707
3839	3071	2048	3795	2916	1710
4095	3071	2048	4047	2914	1708
0	3327	2048	0	3128	1730
256	3327	2048	256	3146	1722
512	3327	2048	512	3149	1721
768	3327	2048	759	3143	1717
1024	3327	2048	1011	3146	1717
1280	3327	2048	1279	3149	1717
1536	3327	2048	1512	3145	1713
1792	3327	2048	1766	3149	1715
2048	3327	2048	2014	3149	1713
2303	3327	2048	2278	3153	1715
2559	3327	2048	2531	3149	1712
2815	3327	2048	2783	3146	1710
3071	3327	2048	3036	3148	1711
3327	3327	2048	3265	3145	1709
3583	3327	2048	3536	3146	1708
3839	3327	2048	3793	3148	1709
4095	3327	2048	4047	3147	1708
0	3583	2048	0	3370	1731
256	3583	2048	255	3384	1721
512	3583	2048	511	3386	1720
768	3583	2048	759	3384	1717
1024	3583	2048	1011	3387	1717
1280	3583	2048	1279	3390	1717
1536	3583	2048	1512	3387	1715
1792	3583	2048	1766	3390	1715
2048	3583	2048	2015	3391	1715
2303	3583	2048	2280	3396	1717
2559	3583	2048	2534	3392	1715
2815	3583	2048	2785	3388	1712
3071	3583	2048	3035	3386	1710
3327	3583	2048	3266	3386	1709
3583	3583	2048	3539	3389	1710
3839	3583	2048	3795	3389	1709
4095	3583	2048	4047	3386	1707
0	3839	2048	0	3610	1733
256	3839	2048	255	3623	1722
512	3839	2048	510	3625	1720
768	3839	2048	760	3625	1719
1024	3839	2048	1012	3628	1719
1280	3839	2048	1280	3632	1720
1536	3839	2048	1513	3626	1716
1792	3839	2048	1768	3632	1718
2048	3839	2048	2015	3630	1716
2303	3839	2048	2279	3632	1716
2559	3839	2048	2533	3630	1714
2815	3839	2048	2786	3628	1712
3071	3839	2048	3035	3625	1710
3327	3839	2048	3269	3628	1711
3583	3839	2048	3539	3628	1711
3839	3839	2048	3798	3631	1712
4095	3839	2048	4050	3627	1709
0	4095	2048	0	3837	1732
256	4095	2048	254	3856	1722
512	4095	2048	510	3860	1721
768	4095	2048	759	3855	1718
1024	4095	2048	1011	3859	1718
1280	4095	2048	1278	3861	1718
1536	4095	2048	1511	3858	1715
1792	4095	2048	1765	3860	1715
2048	4095	2048	2015	3865	1716
2303	4095	2048	2277	3864	1715
2559	4095	2048	2530	3860	1712
2815	4095	2048	2787	3862	1713
3071	4095	2048	3036	3859	1711
3327	4095	2048	3265	3856	1709
3583	4095	2048	3538	3858	1709
3839	4095	2048	3795	3859	1709
4095	4095	2048	4050	3860	1709
0	0	2303	1	1	1958
256	0	2303	267	2	1945
512	0	2303	524	2	1945
768	0	2303	777	3	1944
1024	0	2303	1030	3	1945
1280	0	2303	1297	4	1941
1536	0	2303	1533	4	1940
1792	0	2303	1786	4	1939
2048	0	2303	2034	5	1938
2303	0	2303	2299	6	1939
2559	0	2303	2554	6	1936
2815	0	2303	2807	6	1934
3071	0	2303	3056	7	1932
3327	0	2303	3290	7	1934
3583	0	2303	3559	8	1932
3839	0	2303	3817	8	1932
4095	0	2303	4070	8	1932
0	256	2303	0	257	1960
256	256	2303	266	258	1946
512	256	2303	523	260	1945
768	256	2303	777	260	1945
1024	256	2303	1031	261	1945
1280	256	2303	1298	262	1943
1536	256	2303	1535	262	1942
1792	256	2303	1788	262	1940
2048	256	2303	2037	263	1940
2303	256	2303	2302	264	1941
2559	256	2303	2557	263	1938
2815	256	2303	2809	263	1936
3071	256	2303	3062	264	1934
3327	256	2303	3294	264	1935
3583	256	2303	3563	264	1933
3839	256	2303	3819	265	1933
4095	256	2303	4075	265	1933
0	512	2303	0	510	1959
256	512	2303	265	514	1948
512	512	2303	522	515	1947
768	512	2303	773	514	1945
1024	512	2303	1027	515	1945
1280	512	2303	1296	516	1944
1536	512	2303	1530	515	1942
1792	512	2303	1785	516	1942
2048	512	2303	2035	518	1941
2303	512	2303	2298	518	1942
2559	512	2303	2553	517	1939
2815	512	2303	2808	518	1937
3071	512	2303	3058	517	1936
3327	512	2303	3288	517	1935
3583	512	2303	3559	517	1934
3839	512	2303	3817	518	1934
4095	512	2303	4067	518	1933
0	768	2303	0	749	1955
256	768	2303	264	754	1947
512	768	2303	522	756	1946
768	768	2303	773	755	1943
1024	768	2303	1025	755	1942
1280	768	2303	1294	756	1942
1536	768	2303	1529	756	1939
1792	768	2303	1783	757	1940
2048	768	2303	2034	758	1940
2303	768	2303	2299	759	1940
2559	768	2303	2553	758	1938
2815	768	2303	2807	758	1936
3071	768	2303	3056	757	1934
3327	768	2303	3285	757	1932
3583	768	2303	3561	758	1933
3839	768	2303	3814	757	1932
4095	768	2303	4070	758	1931
0	1024	2303	0	988	1953
256	1024	2303	263	994	1944
512	1024	2303	519	996	1944
768	1024	2303	772	996	1942
1024	1024	2303	1024	997	1941
1280	1024	2303	1292	997	1940
1536	1024	2303	1527	997	1938
1792	1024	2303	1780	997	1938
2048	1024	2303	2029	998	1937
2303	1024	2303	2293	999	1939
2559	1024	2303	2548	998	1936
2815	1024	2303	2800	997	1933
3071	1024	2303	3050	996	1931
3327	1024	2303	3285	998	1931
3583	1024	2303	3554	997	1931
3839	1024	2303	3810	998	1930
4095	1024	2303	4065	998	1930
0	1280	2303	0	1236	1948
256	1280	2303	262	1245	1940
512	1280	2303	518	1246	1940
768	1280	2303	770	1248	1939
1024	1280	2303	1022	1248	1939
1280	1280	2303	1288	1247	1936
1536	1280	2303	1525	1249	1936
1792	1280	2303	1776	1247	1934
2048	1280	2303	2026	1249	1934
2303	1280	2303	2290	1251	1935
2559	1280	2303	2545	1249	1932
2815	1280	2303	2797	1248	1929
3071	1280	2303	3047	1247	1927
3327	1280	2303	3280	1248	1929
3583	1280	2303	3551	1248	1927
3839	1280	2303	3805	1248	1927
4095	1280	2303	4062	1249	1927
0	1536	2303	0	1468	1946
256	1536	2303	261	1478	1939
512	1536	2303	517	1480	1938
768	1536	2303	769	1482	1938
1024	1536	2303	1021	1481	1936
1280	1536	2303	1287	1481	1934
1536	1536	2303	1524	1483	1935
1792	1536	2303	1774	1480	1931
2048	1536	2303	2024	1483	1932
2303	1536	2303	2289	1485	1934
2559	1536	2303	2544	1483	1931
2815	1536	2303	2795	1481	1928
3071	1536	2303	3045	1480	1926
3327	1536	2303	3277	1481	1926
3583	1536	2303	3550	1482	1926
3839	1536	2303	3805	1482	1925
4095	1536	2303	4062	1484	1926
0	1792	2303	0	1704	1948
256	1792	2303	260	1711	1938
512	1792	2303	516	1713	1937
768	1792	2303	768	1714	1937
1024	1792	2303	1021	1716	1935
1280	1792	2303	1287	1715	1933
1536	1792	2303	1523	1715	1933
1792	1792	2303	1774	1714	1930
2048	1792	2303	2022	1715	1931
2303	1792	2303	2288	1718	1932
2559	1792	2303	2543	1716	1930
2815	1792	2303	2793	1714	1926
3071	1792	2303	3046	1714	1925
3327	1792	2303	3278	1715	1925
3583	1792	2303	3548	1715	1925
3839	1792	2303	3804	1715	1924
4095	1792	2303	4061	1716	1925
0	2048	2303	0	1939	1949
256	2048	2303	259	1946	1936
512	2048	2303	515	1949	1936
768	2048	2303	766	1949	1935
1024	2048	2303	1020	1952	1935
1280	2048	2303	1287	1951	1933
1536	2048	2303	1521	1950	1932
1792	2048	2303	1773	1950	1930
2048	2048	2303	2021	1950	1929
2303	2048	2303	2286	1953	1931
2559	2048	2303	2540	1951	1928
2815	2048	2303	2791	1948	1925
3071	2048	2303	3043	1948	1924
3327	2048	2303	3277	1951	1925
3583	2048	2303	3546	1949	1924
3839	2048	2303	3802	1950	1923
4095	2048	2303	4059	1951	1924
0	2303	2303	0	2189	1945
256	2303	2303	258	2201	1935
512	2303	2303	514	2203	1934
768	2303	2303	765	2205	1934
1024	2303	2303	1017	2205	1933
1280	2303	2303	1285	2205	1931
1536	2303	2303	1520	2206	1931
1792	2303	2303	1770	2203	1928
2048	2303	2303	2020	2205	1928
2303	2303	2303	2285	2209	1930
2559	2303	2303	2539	2206	1927
2815	2303	2303	2790	2203	1924
3071	2303	2303	3041	2202	1922
3327	2303	2303	3274	2204	1923
3583	2303	2303	3544	2203	1922
3839	2303	2303	3799	2202	1921
4095	2303	2303	4058	2206	1923
0	2559	2303	0	2434	1944
256	2559	2303	258	2448	1934
512	2559	2303	513	2450	1933
768	2559	2303	764	2450	1932
1024	2559	2303	1016	2451	1930
1280	2559	2303	1283	2451	1929
1536	2559	2303	1520	2454	1930
1792	2559	2303	1769	2449	1926
2048	2559	2303	2019	2453	1928
2303	2559	2303	2284	2457	1929
2559	2559	2303	2538	2454	1927
2815	2559	2303	2789	2450	1923
3071	2559	2303	3040	2449	1922
3327	2559	2303	3270	2448	1921
3583	2559	2303	3544	2451	1922
3839	2559	2303	3797	2448	1919
4095	2559	2303	4057	2453	1922
0	2815	2303	0	2668	1944
256	2815	2303	258	2683	1933
512	2815	2303	513	2685	1932
768	2815	2303	763	2684	1930
1024	2815	2303	1016	2687	1931
1280	2815	2303	1282	2685	1928
1536	2815	2303	1519	2689	1929
1792	2815	2303	1770	2686	1926
2048	2815	2303	2018	2687	1926
2303	2815	2303	2284	2691	1928
2559	2815	2303	2537	2688	1926
2815	2815	2303	2789	2685	1923
3071	2815	2303	3039	2683	1921
3327	2815	2303	3271	2684	1920
3583	2815	2303	3543	2685	1921
3839	2815	2303	3797	2684	1919
4095	2815	2303	4056	2688	1922
0	3071	2303	0	2904	1945
256	3071	2303	257	2917	1933
512	3071	2303	512	2920	1932
768	3071	2303	763	2921	1931
1024	3071	2303	1015	2923	1931
1280	3071	2303	1282	2922	1929
1536	3071	2303	1518	2923	1928
1792	3071	2303	1771	2924	1928
2048	3071	2303	2017	2922	1926
2303	3071	2303	2283	2926	1928
2559	3071	2303	2536	2922	1925
2815	3071	2303	2788	2920	1923
3071	3071	2303	3039	2918	1921
3327	3071	2303	3273	2921	1922
3583	3071	2303	3542	2919	1920
3839	3071	2303	3800	2922	1921
4095	3071	2303	4056	2922	1921
0	3327	2303	0	3138	1945
256	3327	2303	256	3152	1934
512	3327	2303	512	3155	1934
768	3327	2303	762	3152	1930
1024	3327	2303	1014	3155	1931
1280	3327	2303	1282	3158	1931
1536	3327	2303	1515	3153	1927
1792	3327	2303	1771	3158	1929
2048	3327	2303	2018	3157	1927
2303	3327	2303	2283	3160	1928
2559	3327	2303	2537	3158	1926
2815	3327	2303	2790	3155	1924
3071	3327	2303	3041	3154	1922
3327	3327	2303	3272	3154	1922
3583	3327	2303	3542	3153	1920
3839	3327	2303	3802	3158	1923
4095	3327	2303	4055	3155	1920
0	3583	2303	0	3378	1946
256	3583	2303	256	3393	1935
512	3583	2303	512	3395	1934
768	3583	2303	762	3393	1931
1024	3583	2303	1014	3396	1932
1280	3583	2303	1282	3398	1931
1536	3583	2303	1515	3394	1928
1792	3583	2303	1770	3397	1928
2048	3583	2303	2020	3400	1929
2303	3583	2303	2284	3401	1929
2559	3583	2303	2540	3401	1928
2815	3583	2303	2792	3397	1925
3071	3583	2303	3042	3395	1923
3327	3583	2303	3273	3395	1923
3583	3583	2303	3544	3395	1922
3839	3583	2303	3802	3398	1923
4095	3583	2303	4056	3396	1921
0	3839	2303	0	3617	1947
256	3839	2303	256	3630	1935
512	3839	2303	512	3633	1934
768	3839	2303	762	3635	1933
1024	3839	2303	1015	3638	1933
1280	3839	2303	1283	3639	1933
1536	3839	2303	1517	3636	1930
1792	3839	2303	1771	3638	1930
2048	3839	2303	2020	3639	1929
2303	3839	2303	2285	3642	1930
2559	3839	2303	2539	3639	1928
2815	3839	2303	2791	3636	1925
3071	3839	2303	3042	3635	1925
3327	3839	2303	3276	3638	1925
3583	3839	2303	3546	3636	1924
3839	3839	2303	3804	3638	1924
4095	3839	2303	4059	3638	1923
0	4095	2303	0	3849	1946
256	4095	2303	255	3863	1934
512	4095	2303	511	3867	1933
768	4095	2303	761	3864	1930
1024	4095	2303	1013	3868	1931
1280	4095	2303	1281	3871	1931
1536	4095	2303	1515	3867	1928
1792	4095	2303	1769	3871	1928
2048	4095	2303	2019	3872	1928
2303	4095	2303	2283	3874	1928
2559	4095	2303	2537	3871	1926
2815	4095	2303	2791	3869	1925
3071	4095	2303	3043	3870	1924
3327	4095	2303	3273	3867	1922
3583	4095	2303	3545	3868	1922
3839	4095	2303	3803	3870	1923
4095	4095	2303	4058	3869	1921
0	0	2559	1	1	2181
256	0	2559	268	2	2168
512	0	2559	525	2	2167
768	0	2559	777	3	2164
1024	0	2559	1031	3	2165
1280	0	2559	1298	4	2161
1536	0	2559	1534	4	2160
1792	0	2559	1787	5	2159
2048	0	2559	2038	5	2160
2303	0	2559	2301	6	2159
2559	0	2559	2556	6	2156
2815	0	2559	2810	6	2154
3071	0	2559	3060	7	2153
3327	0	2559	3293	7	2153
3583	0	2559	3562	8	2151
3839	0	2559	3820	8	2152
4095	0	2559	4074	8	2151
0	256	2559	0	257	2184
256	256	2559	267	259	2170
512	256	2559	524	260	2169
768	256	2559	777	261	2167
1024	256	2559	1031	262	2167
1280	256	2559	1299	262	2164
1536	256	2559	1536	262	2163
1792	256	2559	1789	263	2161
2048	256	2559	2040	263	2162
2303	256	2559	2303	264	2161
2559	256	2559	2559	264	2159
2815	256	2559	2813	264	2157
3071	256	2559	3063	264	2155
3327	256	2559	3296	265	2155
3583	256	2559	3565	264	2153
3839	256	2559	3822	265	2153
4095	256	2559	4078	265	2153
0	512	2559	0	511	2182
256	512	2559	265	514	2170
512	512	2559	522	515	2169
768	512	2559	775	515	2166
1024	512	2559	1028	516	2165
1280	512	2559	1296	517	2164
1536	512	2559	1532	517	2162
1792	512	2559	1786	517	2161
2048	512	2559	2037	518	2162
2303	512	2559	2299	519	2161
2559	512	2559	2555	518	2158
2815	512	2559	2810	518	2158
3071	512	2559	3060	518	2155
3327	512	2559	3290	518	2154
3583	512	2559	3561	518	2153
3839	512	2559	3819	519	2153
4095	512	2559	4073	519	2153
0	768	2559	0	750	2179
256	768	2559	264	754	2168
512	768	2559	522	756	2167
768	768	2559	774	756	2164
1024	768	2559	1027	757	2163
1280	768	2559	1295	757	2162
1536	768	2559	1530	757	2160
1792	768	2559	1784	757	2159
2048	768	2559	2035	759	2160
2303	768	2559	2300	760	2160
2559	768	2559	2555	759	2158
2815	768	2559	2808	759	2156
3071	768	2559	3059	758	2154
3327	768	2559	3290	759	2152
3583	768	2559	3563	759	2153
3839	768	2559	3816	758	2151
4095	768	2559	4072	759	2151
0	1024	2559	0	989	2175
256	1024	2559	263	996	2165
512	1024	2559	521	998	2164
768	1024	2559	772	997	2161
1024	1024	2559	1025	998	2161
1280	1024	2559	1292	998	2159
1536	1024	2559	1528	998	2158
1792	1024	2559	1780	998	2156
2048	1024	2559	2032	1000	2157
2303	1024	2559	2295	1001	2158
2559	1024	2559	2549	999	2154
2815	1024	2559	2802	998	2152
3071	1024	2559	3054	999	2151
3327	1024	2559	3287	1000	2151
3583	1024	2559	3557	999	2150
3839	1024	2559	3813	999	2150
4095	1024	2559	4067	999	2149
0	1280	2559	0	1239	2172
256	1280	2559	262	1246	2161
512	1280	2559	518	1248	2160
768	1280	2559	771	1249	2159
1024	1280	2559	1022	1248	2157
1280	1280	2559	1290	1250	2157
1536	1280	2559	1526	1250	2155
1792	1280	2559	1778	1250	2154
2048	1280	2559	2027	1250	2154
2303	1280	2559	2292	1252	2154
2559	1280	2559	2547	1251	2151
2815	1280	2559	2798	1249	2149
3071	1280	2559	3050	1249	2148
3327	1280	2559	3281	1249	2148
3583	1280	2559	3553	1249	2147
3839	1280	2559	3810	1250	2147
4095	1280	2559	4066	1251	2148
0	1536	2559	0	1472	2171
256	1536	2559	261	1480	2158
512	1536	2559	517	1481	2158
768	1536	2559	770	1483	2157
1024	1536	2559	1022	1483	2155
1280	1536	2559	1290	1484	2156
1536	1536	2559	1525	1484	2154
1792	1536	2559	1777	1484	2152
2048	1536	2559	2025	1484	2151
2303	1536	2559	2291	1487	2153
2559	1536	2559	2545	1485	2150
2815	1536	2559	2797	1483	2148
3071	1536	2559	3047	1482	2146
3327	1536	2559	3279	1482	2145
3583	1536	2559	3552	1484	2146
3839	1536	2559	3809	1485	2147
4095	1536	2559	4064	1485	2146
0	1792	2559	0	1706	2172
256	1792	2559	261	1714	2158
512	1792	2559	517	1716	2158
768	1792	2559	768	1716	2156
1024	1792	2559	1022	1718	2155
1280	1792	2559	1289	1717	2154
1536	1792	2559	1524	1717	2153
1792	1792	2559	1775	1716	2150
2048	1792	2559	2025	1718	2151
2303	1792	2559	2290	1720	2152
2559	1792	2559	2544	1718	2150
2815	1792	2559	2797	1717	2148
3071	1792	2559	3048	1716	2146
3327	1792	2559	3280	1717	2145
3583	1792	2559	3551	1717	2145
3839	1792	2559	3807	1717	2145
4095	1792	2559	4063	1718	2145
0	2048	2559	0	1940	2170
256	2048	2559	260	1950	2157
512	2048	2559	516	1952	2157
768	2048	2559	767	1951	2154
1024	2048	2559	1021	1954	2155
1280	2048	2559	1288	1953	2153
1536	2048	2559	1522	1952	2151
1792	2048	2559	1774	1952	2150
2048	2048	2559	2024	1954	2151
2303	2048	2559	2288	1955	2150
2559	2048	2559	2542	1953	2149
2815	2048	2559	2796	1953	2147
3071	2048	2559	3046	1951	2145
3327	2048	2559	3279	1953	2146
3583	2048	2559	3549	1952	2144
3839	2048	2559	3804	1951	2143
4095	2048	2559	4061	1953	2144
0	2303	2559	0	2193	2168
256	2303	2559	259	2203	2155
512	2303	2559	514	2206	2154
768	2303	2559	766	2207	2154
1024	2303	2559	1018	2207	2152
1280	2303	2559	1286	2209	2152
1536	2303	2559	1521	2208	2150
1792	2303	2559	1773	2207	2150
2048	2303	2559	2022	2208	2150
2303	2303	2559	2286	2211	2150
2559	2303	2559	2541	2209	2148
2815	2303	2559	2793	2207	2146
3071	2303	2559	3044	2205	2143
3327	2303	2559	3276	2207	2144
3583	2303	2559	3547	2206	2142
3839	2303	2559	3803	2206	2142
4095	2303	2559	4060	2208	2143
0	2559	2559	0	2439	2167
256	2559	2559	258	2450	2153
512	2559	2559	514	2452	2152
768	2559	2559	765	2452	2151
1024	2559	2559	1017	2453	2150
1280	2559	2559	1284	2454	2150
1536	2559	2559	1521	2456	2150
1792	2559	2559	1771	2453	2147
2048	2559	2559	2020	2455	2148
2303	2559	2559	2286	2458	2150
2559	2559	2559	2540	2456	2147
2815	2559	2559	2791	2453	2144
3071	2559	2559	3042	2451	2142
3327	2559	2559	3274	2452	2142
3583	2559	2559	3546	2453	2142
3839	2559	2559	3802	2454	2142
4095	2559	2559	4059	2455	2142
0	2815	2559	0	2672	2165
256	2815	2559	258	2686	2154
512	2815	2559	513	2688	2153
768	2815	2559	764	2687	2150
1024	2815	2559	1017	2689	2151
1280	2815	2559	1283	2688	2149
1536	2815	2559	1520	2691	2150
1792	2815	2559	1771	2688	2147
2048	2815	2559	2019	2689	2147
2303	2815	2559	2285	2693	2149
2559	2815	2559	2538	2689	2145
2815	2815	2559	2791	2687	2143
3071	2815	2559	3042	2687	2142
3327	2815	2559	3275	2688	2142
3583	2815	2559	3545	2688	2141
3839	2815	2559	3802	2688	2141
4095	2815	2559	4059	2690	2142
0	3071	2559	0	2907	2166
256	3071	2559	257	2921	2154
512	3071	2559	513	2924	2153
768	3071	2559	764	2923	2151
1024	3071	2559	1016	2925	2151
1280	3071	2559	1283	2926	2150
1536	3071	2559	1519	2926	2149
1792	3071	2559	1772	2927	2149
2048	3071	2559	2020	2926	2148
2303	3071	2559	2284	2928	2148
2559	3071	2559	2539	2926	2146
2815	3071	2559	2791	2923	2144
3071	3071	2559	3043	2923	2142
3327	3071	2559	3275	2924	2142
3583	3071	2559	3544	2922	2140
3839	3071	2559	3803	2925	2142
4095	3071	2559	4058	2924	2141
0	3327	2559	0	3140	2167
256	3327	2559	257	3154	2154
512	3327	2559	512	3157	2154
768	3327	2559	763	3156	2151
1024	3327	2559	1016	3159	2151
1280	3327	2559	1283	3160	2150
1536	3327	2559	1517	3157	2149
1792	3327	2559	1772	3161	2149
2048	3327	2559	2021	3162	2149
2303	3327	2559	2284	3162	2148
2559	3327	2559	2541	3163	2148
2815	3327	2559	2793	3159	2145
3071	3327	2559	3042	3157	2143
3327	3327	2559	3274	3157	2141
3583	3327	2559	3544	3156	2141
3839	3327	2559	3805	3161	2143
4095	3327	2559	4058	3158	2141
0	3583	2559	0	3379	2168
256	3583	2559	256	3396	2156
512	3583	2559	512	3399	2155
768	3583	2559	763	3398	2153
1024	3583	2559	1016	3401	2153
1280	3583	2559	1282	3400	2151
1536	3583	2559	1517	3399	2150
1792	3583	2559	1771	3400	2149
2048	3583	2559	2021	3403	2149
2303	3583	2559	2285	3404	2150
2559	3583	2559	2541	3404	2148
2815	3583	2559	2793	3400	2145
3071	3583	2559	3044	3399	2145
3327	3583	2559	3275	3399	2144
3583	3583	2559	3546	3398	2142
3839	3583	2559	3804	3400	2143
4095	3583	2559	4061	3402	2144
0	3839	2559	0	3619	2170
256	3839	2559	256	3635	2156
512	3839	2559	512	3639	2155
768	3839	2559	763	3638	2153
1024	3839	2559	1016	3641	2153
1280	3839	2559	1283	3642	2153
1536	3839	2559	1518	3639	2150
1792	3839	2559	1772	3641	2150
2048	3839	2559	2021	3642	2150
2303	3839	2559	2286	3646	2150
2559	3839	2559	2541	3643	2149
2815	3839	2559	2793	3639	2146
3071	3839	2559	3046	3641	2147
3327	3839	2559	3279	3642	2146
3583	3839	2559	3548	3639	2144
3839	3839	2559	3807	3642	2145
4095	3839	2559	4063	3642	2144
0	4095	2559	0	3853	2169
256	4095	2559	255	3866	2153
512	4095	2559	512	3870	2153
768	4095	2559	761	3868	2150
1024	4095	2559	1014	3872	2150
1280	4095	2559	1282	3874	2150
1536	4095	2559	1516	3870	2148
1792	4095	2559	1771	3875	2148
2048	4095	2559	2020	3875	2148
2303	4095	2559	2286	3880	2150
2559	4095	2559	2541	3877	2148
2815	4095	2559	2793	3873	2145
3071	4095	2559	3045	3874	2144
3327	4095	2559	3276	3872	2142
3583	4095	2559	3548	3873	2143
3839	4095	2559	3806	3874	2142
4095	4095	2559	4061	3872	2141
0	0	2815	1	1	2405
256	0	2815	268	2	2392
512	0	2815	525	2	2391
768	0	2815	776	3	2386
1024	0	2815	1030	3	2387
1280	0	2815	1298	4	2386
1536	0	2815	1533	4	2383
1792	0	2815	1788	5	2383
2048	0	2815	2039	5	2384
2303	0	2815	2300	6	2382
2559	0	2815	2556	6	2379
2815	0	2815	2808	6	2376
3071	0	2815	3061	7	2376
3327	0	2815	3292	7	2375
3583	0	2815	3561	8	2373
3839	0	2815	3819	8	2374
4095	0	2815	4073	8	2373
0	256	2815	0	257	2408
256	256	2815	267	260	2395
512	256	2815	524	261	2394
768	256	2815	776	261	2389
1024	256	2815	1031	262	2390
1280	256	2815	1300	262	2389
1536	256	2815	1534	262	2386
1792	256	2815	1789	263	2386
2048	256	2815	2040	263	2387
2303	256	2815	2302	264	2384
2559	256	2815	2558	264	2382
2815	256	2815	2814	264	2381
3071	256	2815	3065	264	2379
3327	256	2815	3296	265	2378
3583	256	2815	3565	265	2376
3839	256	2815	3823	265	2376
4095	256	2815	4077	265	2376
0	512	2815	0	511	2404
256	512	2815	265	514	2393
512	512	2815	522	515	2391
768	512	2815	775	516	2389
1024	512	2815	1027	515	2386
1280	512	2815	1296	517	2387
1536	512	2815	1532	517	2385
1792	512	2815	1785	517	2384
2048	512	2815	2036	518	2384
2303	512	2815	2299	519	2384
2559	512	2815	2555	518	2381
2815	512	2815	2809	518	2380
3071	512	2815	3059	518	2377
3327	512	2815	3288	518	2375
3583	512	2815	3562	518	2375
3839	512	2815	3817	518	2375
4095	512	2815	4074	519	2375
0	768	2815	0	750	2404
256	768	2815	264	754	2390
512	768	2815	521	756	2389
768	768	2815	774	757	2388
1024	768	2815	1027	757	2387
1280	768	2815	1294	756	2384
1536	768	2815	1530	757	2384
1792	768	2815	1782	757	2381
2048	768	2815	2033	758	2382
2303	768	2815	2299	760	2383
2559	768	2815	2554	759	2380
2815	768	2815	2807	758	2377
3071	768	2815	3056	757	2375
3327	768	2815	3291	759	2375
3583	768	2815	3562	759	2375
3839	768	2815	3816	758	2373
4095	768	2815	4072	759	2374
0	1024	2815	0	989	2400
256	1024	2815	263	996	2388
512	1024	2815	520	998	2387
768	1024	2815	772	997	2384
1024	1024	2815	1024	998	2383
1280	1024	2815	1292	998	2382
1536	1024	2815	1528	998	2380
1792	1024	2815	1780	998	2378
2048	1024	2815	2031	1000	2379
2303	1024	2815	2294	1000	2379
2559	1024	2815	2548	999	2375
2815	1024	2815	2801	998	2373
3071	1024	2815	3054	999	2373
3327	1024	2815	3286	999	2372
3583	1024	2815	3555	998	2370
3839	1024	2815	3813	999	2371
4095	1024	2815	4067	999	2370
0	1280	2815	0	1240	2397
256	1280	2815	262	1245	2382
512	1280	2815	518	1247	2382
768	1280	2815	770	1248	2380
1024	1280	2815	1022	1249	2380
1280	1280	2815	1291	1250	2380
1536	1280	2815	1525	1249	2377
1792	1280	2815	1779	1250	2377
2048	1280	2815	2026	1250	2375
2303	1280	2815	2292	1252	2377
2559	1280	2815	2545	1250	2373
2815	1280	2815	2797	1248	2369
3071	1280	2815	3049	1248	2368
3327	1280	2815	3281	1249	2369
3583	1280	2815	3552	1249	2368
3839	1280	2815	3810	1250	2369
4095	1280	2815	4065	1250	2369
0	1536	2815	0	1473	2397
256	1536	2815	261	1479	2380
512	1536	2815	517	1481	2380
768	1536	2815	769	1482	2379
1024	1536	2815	1022	1484	2378
1280	1536	2815	1290	1485	2379
1536	1536	2815	1524	1484	2376
1792	1536	2815	1778	1485	2376
2048	1536	2815	2024	1483	2373
2303	1536	2815	2290	1486	2375
2559	1536	2815	2544	1484	2371
2815	1536	2815	2796	1483	2369
3071	1536	2815	3047	1482	2367
3327	1536	2815	3280	1483	2367
3583	1536	2815	3551	1483	2367
3839	1536	2815	3808	1484	2368
4095	1536	2815	4063	1484	2367
0	1792	2815	0	1706	2396
256	1792	2815	261	1714	2381
512	1792	2815	517	1716	2381
768	1792	2815	768	1715	2378
1024	1792	2815	1022	1718	2378
1280	1792	2815	1289	1718	2377
1536	1792	2815	1523	1717	2374
1792	1792	2815	1776	1717	2374
2048	1792	2815	2025	1719	2374
2303	1792	2815	2289	1719	2374
2559	1792	2815	2542	1717	2370
2815	1792	2815	2797	1718	2370
3071	1792	2815	3048	1717	2368
3327	1792	2815	3280	1717	2367
3583	1792	2815	3551	1717	2367
3839	1792	2815	3807	1717	2367
4095	1792	2815	4062	1717	2366
0	2048	2815	0	1941	2394
256	2048	2815	260	1950	2380
512	2048	2815	516	1953	2380
768	2048	2815	767	1951	2377
1024	2048	2815	1020	1953	2377
1280	2048	2815	1288	1955	2376
1536	2048	2815	1522	1952	2373
1792	2048	2815	1775	1953	2374
2048	2048	2815	2025	1956	2374
2303	2048	2815	2287	1955	2372
2559	2048	2815	2541	1953	2370
2815	2048	2815	2797	1954	2370
3071	2048	2815	3048	1953	2368
3327	2048	2815	3278	1953	2366
3583	2048	2815	3548	1951	2364
3839	2048	2815	3805	1952	2365
4095	2048	2815	4060	1952	2364
0	2303	2815	0	2194	2393
256	2303	2815	259	2203	2376
512	2303	2815	514	2205	2376
768	2303	2815	766	2206	2375
1024	2303	2815	1018	2207	2375
1280	2303	2815	1287	2210	2375
1536	2303	2815	1521	2208	2373
1792	2303	2815	1774	2209	2373
2048	2303	2815	2022	2209	2371
2303	2303	2815	2285	2210	2371
2559	2303	2815	2540	2208	2369
2815	2303	2815	2793	2207	2367
3071	2303	2815	3044	2205	2364
3327	2303	2815	3276	2206	2365
3583	2303	2815	3546	2205	2364
3839	2303	2815	3804	2207	2365
4095	2303	2815	4058	2206	2363
0	2559	2815	0	2440	2391
256	2559	2815	258	2448	2374
512	2559	2815	513	2451	2374
768	2559	2815	765	2452	2373
1024	2559	2815	1017	2454	2373
1280	2559	2815	1284	2454	2371
1536	2559	2815	1520	2455	2370
1792	2559	2815	1771	2453	2368
2048	2559	2815	2020	2455	2370
2303	2559	2815	2285	2457	2371
2559	2559	2815	2539	2455	2368
2815	2559	2815	2791	2452	2365
3071	2559	2815	3041	2450	2362
3327	2559	2815	3275	2453	2364
3583	2559	2815	3546	2453	2363
3839	2559	2815	3804	2455	2365
4095	2559	2815	4057	2453	2362
0	2815	2815	0	2673	2390
256	2815	2815	258	2685	2377
512	2815	2815	513	2688	2376
768	2815	2815	764	2687	2373
1024	2815	2815	1016	2689	2374
1280	2815	2815	1283	2689	2372
1536	2815	2815	1519	2689	2371
1792	2815	2815	1771	2688	2369
2048	2815	2815	2019	2689	2368
2303	2815	2815	2284	2692	2370
2559	2815	2815	2538	2690	2367
2815	2815	2815	2790	2686	2364
3071	2815	2815	3042	2687	2365
3327	2815	2815	3274	2688	2363
3583	2815	2815	3545	2688	2362
3839	2815	2815	3804	2690	2363
4095	2815	2815	4057	2689	2362
0	3071	2815	0	2907	2390
256	3071	2815	257	2921	2377
512	3071	2815	513	2925	2377
768	3071	2815	763	2922	2373
1024	3071	2815	1016	2925	2374
1280	3071	2815	1283	2925	2372
1536	3071	2815	1518	2924	2370
1792	3071	2815	1771	2925	2370
2048	3071	2815	2020	2926	2371
2303	3071	2815	2283	2927	2369
2559	3071	2815	2540	2927	2370
2815	3071	2815	2790	2923	2366
3071	3071	2815	3043	2924	2365
3327	3071	2815	3273	2922	2362
3583	3071	2815	3543	2922	2361
3839	3071	2815	3804	2926	2365
4095	3071	2815	4057	2924	2362
0	3327	2815	0	3138	2390
256	3327	2815	256	3154	2377
512	3327	2815	512	3158	2377
768	3327	2815	763	3156	2375
1024	3327	2815	1015	3159	2375
1280	3327	2815	1281	3157	2372
1536	3327	2815	1517	3157	2371
1792	3327	2815	1770	3159	2370
2048	3327	2815	2021	3163	2371
2303	3327	2815	2283	3162	2371
2559	3327	2815	2541	3163	2370
2815	3327	2815	2792	3159	2367
3071	3327	2815	3042	3157	2364
3327	3327	2815	3272	3155	2362
3583	3327	2815	3544	3156	2363
3839	3327	2815	3804	3160	2363
4095	3327	2815	4058	3159	2364
0	3583	2815	0	3378	2393
256	3583	2815	256	3396	2380
512	3583	2815	512	3399	2379
768	3583	2815	763	3398	2376
1024	3583	2815	1016	3401	2376
1280	3583	2815	1281	3399	2375
1536	3583	2815	1517	3399	2373
1792	3583	2815	1771	3400	2372
2048	3583	2815	2020	3402	2371
2303	3583	2815	2285	3405	2372
2559	3583	2815	2540	3402	2370
2815	3583	2815	2792	3399	2367
3071	3583	2815	3044	3399	2367
3327	3583	2815	3274	3398	2365
3583	3583	2815	3546	3399	2364
3839	3583	2815	3804	3400	2365
4095	3583	2815	4062	3403	2366
0	3839	2815	0	3619	2395
256	3839	2815	256	3637	2380
512	3839	2815	512	3640	2379
768	3839	2815	763	3637	2375
1024	3839	2815	1015	3640	2377
1280	3839	2815	1283	3642	2377
1536	3839	2815	1517	3638	2372
1792	3839	2815	1772	3642	2374
2048	3839	2815	2021	3641	2373
2303	3839	2815	2286	3646	2374
2559	3839	2815	2541	3643	2372
2815	3839	2815	2792	3639	2369
3071	3839	2815	3046	3642	2369
3327	3839	2815	3277	3640	2367
3583	3839	2815	3548	3639	2367
3839	3839	2815	3807	3642	2367
4095	3839	2815	4063	3641	2365
0	4095	2815	0	3852	2393
256	4095	2815	255	3867	2376
512	4095	2815	511	3871	2375
768	4095	2815	761	3869	2373
1024	4095	2815	1014	3873	2373
1280	4095	2815	1281	3874	2371
1536	4095	2815	1515	3870	2370
1792	4095	2815	1770	3874	2369
2048	4095	2815	2021	3877	2369
2303	4095	2815	2286	3881	2371
2559	4095	2815	2541	3878	2368
2815	4095	2815	2793	3873	2365
3071	4095	2815	3044	3873	2364
3327	4095	2815	3275	3872	2363
3583	4095	2815	3549	3874	2363
3839	4095	2815	3806	3874	2362
4095	4095	2815	4060	3872	2362
0	0	3071	1	1	2618
256	0	3071	267	2	2604
512	0	3071	524	3	2604
768	0	3071	778	3	2605
1024	0	3071	1032	3	2605
1280	0	3071	1298	4	2599
1536	0	3071	1535	4	2601
1792	0	3071	1787	5	2597
2048	0	3071	2037	5	2597
2303	0	3071	2304	6	2600
2559	0	3071	2558	6	2596
2815	0	3071	2811	7	2593
3071	0	3071	3059	7	2589
3327	0	3071	3295	8	2592
3583	0	3071	3565	8	2590
3839	0	3071	3817	8	2587
4095	0	3071	4077	9	2590
0	256	3071	0	257	2625
256	256	3071	266	259	2608
512	256	3071	524	260	2608
768	256	3071	777	261	2607
1024	256	3071	1032	262	2608
1280	256	3071	1298	262	2603
1536	256	3071	1536	263	2603
1792	256	3071	1787	263	2599
2048	256	3071	2039	264	2600
2303	256	3071	2305	265	2603
2559	256	3071	2560	264	2600
2815	256	3071	2813	264	2596
3071	256	3071	3064	264	2594
3327	256	3071	3299	265	2596
3583	256	3071	3568	265	2594
3839	256	3071	3821	265	2591
4095	256	3071	4080	266	2593
0	512	3071	0	512	2619
256	512	3071	265	515	2608
512	512	3071	523	516	2607
768	512	3071	774	516	2603
1024	512	3071	1028	516	2602
1280	512	3071	1297	518	2603
1536	512	3071	1531	517	2598
1792	512	3071	1787	518	2600
2048	512	3071	2038	519	2600
2303	512	3071	2299	519	2597
2559	512	3071	2553	518	2594
2815	512	3071	2811	519	2596
3071	512	3071	3061	519	2593
3327	512	3071	3291	519	2591
3583	512	3071	3561	518	2588
3839	512	3071	3820	519	2591
4095	512	3071	4073	519	2588
0	768	3071	0	750	2617
256	768	3071	265	755	2606
512	768	3071	522	757	2606
768	768	3071	773	756	2601
1024	768	3071	1026	756	2600
1280	768	3071	1295	758	2600
1536	768	3071	1529	757	2596
1792	768	3071	1784	758	2597
2048	768	3071	2035	759	2599
2303	768	3071	2300	761	2600
2559	768	3071	2555	760	2597
2815	768	3071	2809	759	2594
3071	768	3071	3058	758	2591
3327	768	3071	3288	758	2588
3583	768	3071	3566	760	2592
3839	768	3071	3819	760	2590
4095	768	3071	4069	758	2586
0	1024	3071	0	988	2610
256	1024	3071	263	995	2600
512	1024	3071	520	998	2600
768	1024	3071	772	998	2600
1024	1024	3071	1026	999	2600
1280	1024	3071	1292	998	2595
1536	1024	3071	1529	1000	2596
1792	1024	3071	1780	999	2593
2048	1024	3071	2030	1000	2593
2303	1024	3071	2296	1002	2595
2559	1024	3071	2551	1000	2592
2815	1024	3071	2803	999	2588
3071	1024	3071	3053	998	2586
3327	1024	3071	3288	1000	2588
3583	1024	3071	3559	1000	2586
3839	1024	3071	3811	999	2583
4095	1024	3071	4069	1000	2585
0	1280	3071	0	1239	2609
256	1280	3071	262	1246	2597
512	1280	3071	518	1248	2597
768	1280	3071	769	1247	2592
1024	1280	3071	1022	1249	2594
1280	1280	3071	1290	1250	2593
1536	1280	3071	1527	1251	2594
1792	1280	3071	1777	1250	2590
2048	1280	3071	2028	1252	2591
2303	1280	3071	2293	1254	2593
2559	1280	3071	2548	1252	2590
2815	1280	3071	2799	1250	2586
3071	1280	3071	3051	1249	2584
3327	1280	3071	3281	1249	2581
3583	1280	3071	3555	1251	2584
3839	1280	3071	3808	1250	2582
4095	1280	3071	4066	1251	2583
0	1536	3071	0	1471	2609
256	1536	3071	261	1481	2596
512	1536	3071	517	1482	2596
768	1536	3071	769	1483	2594
1024	1536	3071	1021	1483	2591
1280	1536	3071	1289	1483	2591
1536	1536	3071	1526	1485	2592
1792	1536	3071	1776	1484	2589
2048	1536	3071	2027	1486	2591
2303	1536	3071	2292	1488	2591
2559	1536	3071	2546	1486	2588
2815	1536	3071	2798	1485	2585
3071	1536	3071	3049	1484	2583
3327	1536	3071	3279	1483	2580
3583	1536	3071	3554	1485	2583
3839	1536	3071	3807	1484	2580
4095	1536	3071	4065	1486	2582
0	1792	3071	0	1706	2613
256	1792	3071	260	1714	2595
512	1792	3071	516	1716	2595
768	1792	3071	769	1717	2595
1024	1792	3071	1022	1719	2594
1280	1792	3071	1287	1716	2589
1536	1792	3071	1524	1719	2591
1792	1792	3071	1775	1717	2587
2048	1792	3071	2025	1719	2588
2303	1792	3071	2290	1721	2590
2559	1792	3071	2545	1720	2587
2815	1792	3071	2797	1717	2584
3071	1792	3071	3048	1716	2581
3327	1792	3071	3282	1719	2584
3583	1792	3071	3553	1718	2582
3839	1792	3071	3806	1717	2579
4095	1792	3071	4065	1720	2582
0	2048	3071	0	1940	2608
256	2048	3071	260	1949	2594
512	2048	3071	516	1952	2594
768	2048	3071	768	1954	2594
1024	2048	3071	1022	1956	2594
1280	2048	3071	1287	1953	2588
1536	2048	3071	1524	1955	2591
1792	2048	3071	1774	1953	2586
2048	2048	3071	2023	1954	2587
2303	2048	3071	2289	1957	2589
2559	2048	3071	2544	1956	2586
2815	2048	3071	2796	1953	2583
3071	2048	3071	3046	1951	2579
3327	2048	3071	3281	1955	2582
3583	2048	3071	3551	1954	2580
3839	2048	3071	3805	1952	2578
4095	2048	3071	4064	1955	2581
0	2303	3071	0	2192	2608
256	2303	3071	259	2204	2592
512	2303	3071	514	2207	2592
768	2303	3071	767	2209	2592
1024	2303	3071	1018	2208	2588
1280	2303	3071	1286	2208	2588
1536	2303	3071	1523	2211	2590
1792	2303	3071	1773	2207	2585
2048	2303	3071	2022	2209	2587
2303	2303	3071	2288	2213	2588
2559	2303	3071	2543	2211	2586
2815	2303	3071	2795	2208	2582
3071	2303	3071	3044	2206	2580
3327	2303	3071	3276	2206	2577
3583	2303	3071	3549	2208	2580
3839	2303	3071	3803	2206	2577
4095	2303	3071	4062	2209	2580
0	2559	3071	0	2439	2607
256	2559	3071	258	2451	2592
512	2559	3071	514	2454	2592
768	2559	3071	765	2453	2587
1024	2559	3071	1016	2452	2586
1280	2559	3071	1285	2456	2587
1536	2559	3071	1520	2455	2584
1792	2559	3071	1772	2454	2584
2048	2559	3071	2022	2458	2587
2303	2559	3071	2287	2460	2587
2559	2559	3071	2542	2458	2585
2815	2559	3071	2794	2455	2581
3071	2559	3071	3044	2454	2579
3327	2559	3071	3273	2452	2577
3583	2559	3071	3549	2456	2580
3839	2559	3071	3802	2453	2577
4095	2559	3071	4059	2454	2575
0	2815	3071	0	2672	2607
256	2815	3071	258	2685	2590
512	2815	3071	513	2688	2590
768	2815	3071	764	2688	2590
1024	2815	3071	1017	2691	2592
1280	2815	3071	1284	2690	2587
1536	2815	3071	1519	2690	2588
1792	2815	3071	1771	2689	2584
2048	2815	3071	2022	2693	2586
2303	2815	3071	2286	2696	2587
2559	2815	3071	2541	2693	2584
2815	2815	3071	2793	2690	2580
3071	2815	3071	3043	2689	2578
3327	2815	3071	3273	2687	2575
3583	2815	3071	3549	2692	2579
3839	2815	3071	3802	2689	2576
4095	2815	3071	4059	2690	2579
0	3071	3071	0	2908	2611
256	3071	3071	257	2920	2591
512	3071	3071	512	2922	2590
768	3071	3071	764	2925	2589
1024	3071	3071	1017	2929	2591
1280	3071	3071	1282	2924	2586
1536	3071	3071	1519	2928	2587
1792	3071	3071	1770	2924	2582
2048	3071	3071	2021	2929	2585
2303	3071	3071	2286	2932	2587
2559	3071	3071	2541	2930	2585
2815	3071	3071	2792	2925	2580
3071	3071	3071	3042	2924	2578
3327	3071	3071	3274	2924	2579
3583	3071	3071	3547	2926	2578
3839	3071	3071	3805	2927	2581
4095	3071	3071	4062	2928	2579
0	3327	3071	0	3143	2610
256	3327	3071	256	3155	2594
512	3327	3071	512	3158	2593
768	3327	3071	763	3157	2589
1024	3327	3071	1016	3162	2591
1280	3327	3071	1282	3159	2589
1536	3327	3071	1518	3160	2586
1792	3327	3071	1771	3160	2587
2048	3327	3071	2022	3165	2589
2303	3327	3071	2285	3165	2585
2559	3327	3071	2541	3164	2583
2815	3327	3071	2793	3161	2584
3071	3327	3071	3044	3160	2582
3327	3327	3071	3276	3161	2580
3583	3327	3071	3546	3159	2578
3839	3327	3071	3808	3164	2581
4095	3327	3071	4061	3162	2579
0	3583	3071	0	3381	2610
256	3583	3071	256	3398	2596
512	3583	3071	512	3401	2593
768	3583	3071	763	3400	2593
1024	3583	3071	1016	3403	2593
1280	3583	3071	1282	3402	2589
1536	3583	3071	1518	3401	2590
1792	3583	3071	1772	3403	2587
2048	3583	3071	2024	3408	2588
2303	3583	3071	2285	3407	2589
2559	3583	3071	2540	3404	2587
2815	3583	3071	2795	3405	2584
3071	3583	3071	3046	3404	2583
3327	3583	3071	3276	3401	2580
3583	3583	3071	3548	3401	2582
3839	3583	3071	3806	3403	2580
4095	3583	3071	4063	3404	2583
0	3839	3071	0	3621	2614
256	3839	3071	256	3637	2593
512	3839	3071	512	3638	2592
768	3839	3071	763	3641	2592
1024	3839	3071	1017	3645	2595
1280	3839	3071	1283	3642	2593
1536	3839	3071	1519	3644	2590
1792	3839	3071	1772	3643	2590
2048	3839	3071	2022	3645	2587
2303	3839	3071	2287	3649	2589
2559	3839	3071	2543	3646	2586
2815	3839	3071	2794	3642	2583
3071	3839	3071	3047	3643	2585
3327	3839	3071	3277	3641	2584
3583	3839	3071	3551	3643	2581
3839	3839	3071	3808	3643	2584
4095	3839	3071	4066	3646	2582
0	4095	3071	0	3857	2608
256	4095	3071	255	3867	2592
512	4095	3071	511	3870	2590
768	4095	3071	761	3870	2585
1024	4095	3071	1015	3877	2586
1280	4095	3071	1282	3878	2587
1536	4095	3071	1516	3873	2583
1792	4095	3071	1772	3878	2584
2048	4095	3071	2020	3877	2585
2303	4095	3071	2285	3881	2587
2559	4095	3071	2541	3877	2584
2815	4095	3071	2792	3874	2581
3071	4095	3071	3046	3877	2579
3327	4095	3071	3278	3875	2577
3583	4095	3071	3549	3875	2580
3839	4095	3071	3810	3880	2578
4095	4095	3071	4062	3875	2576
0	0	3327	1	1	2833
256	0	3327	268	2	2822
512	0	3327	525	3	2822
768	0	3327	779	3	2824
1024	0	3327	1033	4	2824
1280	0	3327	1299	4	2817
1536	0	3327	1536	4	2819
1792	0	3327	1788	5	2814
2048	0	3327	2039	5	2816
2303	0	3327	2304	6	2818
2559	0	3327	2559	6	2813
2815	0	3327	2813	7	2812
3071	0	3327	3061	7	2807
3327	0	3327	3299	8	2812
3583	0	3327	3569	8	2810
3839	0	3327	3821	8	2805
4095	0	3327	4079	9	2808
0	256	3327	0	257	2833
256	256	3327	267	260	2822
512	256	3327	524	261	2822
768	256	3327	778	262	2824
1024	256	3327	1033	263	2824
1280	256	3327	1299	263	2817
1536	256	3327	1537	263	2820
1792	256	3327	1790	263	2815
2048	256	3327	2040	264	2816
2303	256	3327	2306	265	2818
2559	256	3327	2560	264	2814
2815	256	3327	2814	265	2812
3071	256	3327	3064	265	2808
3327	256	3327	3300	265	2812
3583	256	3327	3571	266	2810
3839	256	3327	3825	266	2806
4095	256	3327	4083	266	2808
0	512	3327	0	512	2836
256	512	3327	266	515	2827
512	512	3327	523	516	2826
768	512	3327	775	516	2825
1024	512	3327	1029	517	2827
1280	512	3327	1298	518	2822
1536	512	3327	1532	517	2823
1792	512	3327	1787	518	2821
2048	512	3327	2038	519	2820
2303	512	3327	2299	519	2821
2559	512	3327	2554	518	2817
2815	512	3327	2813	520	2815
3071	512	3327	3063	519	2812
3327	512	3327	3293	519	2814
3583	512	3327	3565	519	2812
3839	512	3327	3827	521	2810
4095	512	3327	4077	520	2812
0	768	3327	0	751	2837
256	768	3327	265	757	2826
512	768	3327	523	758	2825
768	768	3327	774	757	2819
1024	768	3327	1027	758	2821
1280	768	3327	1297	759	2820
1536	768	3327	1530	757	2815
1792	768	3327	1785	759	2817
2048	768	3327	2037	760	2818
2303	768	3327	2303	762	2815
2559	768	3327	2558	761	2811
2815	768	3327	2811	760	2815
3071	768	3327	3062	760	2811
3327	768	3327	3292	760	2808
3583	768	3327	3567	761	2807
3839	768	3327	3821	761	2812
4095	768	3327	4074	760	2808
0	1024	3327	0	990	2838
256	1024	3327	263	997	2826
512	1024	3327	521	998	2826
768	1024	3327	773	999	2819
1024	1024	3327	1026	1000	2819
1280	1024	3327	1293	999	2820
1536	1024	3327	1529	1000	2815
1792	1024	3327	1780	999	2815
2048	1024	3327	2031	1001	2817
2303	1024	3327	2298	1003	2820
2559	1024	3327	2553	1002	2817
2815	1024	3327	2805	1000	2812
3071	1024	3327	3056	1000	2810
3327	1024	3327	3290	1001	2808
3583	1024	3327	3561	1001	2811
3839	1024	3327	3814	1000	2807
4095	1024	3327	4073	1001	2805
0	1280	3327	0	1239	2831
256	1280	3327	262	1248	2818
512	1280	3327	519	1250	2817
768	1280	3327	770	1249	2818
1024	1280	3327	1024	1251	2818
1280	1280	3327	1291	1250	2812
1536	1280	3327	1528	1252	2814
1792	1280	3327	1778	1250	2808
2048	1280	3327	2029	1253	2810
2303	1280	3327	2295	1255	2812
2559	1280	3327	2550	1253	2809
2815	1280	3327	2802	1252	2805
3071	1280	3327	3053	1251	2803
3327	1280	3327	3285	1251	2806
3583	1280	3327	3558	1252	2804
3839	1280	3327	3812	1251	2800
4095	1280	3327	4066	1251	2804
0	1536	3327	0	1473	2829
256	1536	3327	262	1483	2816
512	1536	3327	518	1484	2816
768	1536	3327	769	1482	2810
1024	1536	3327	1022	1484	2813
1280	1536	3327	1290	1485	2811
1536	1536	3327	1527	1487	2812
1792	1536	3327	1777	1485	2807
2048	1536	3327	2027	1487	2809
2303	1536	3327	2294	1490	2811
2559	1536	3327	2548	1487	2808
2815	1536	3327	2801	1486	2805
3071	1536	3327	3052	1485	2802
3327	1536	3327	3281	1484	2800
3583	1536	3327	3557	1487	2802
3839	1536	3327	3810	1485	2800
4095	1536	3327	4068	1487	2798
0	1792	3327	0	1709	2829
256	1792	3327	261	1716	2815
512	1792	3327	517	1717	2815
768	1792	3327	769	1718	2809
1024	1792	3327	1023	1721	2810
1280	1792	3327	1289	1719	2810
1536	1792	3327	1526	1721	2811
1792	1792	3327	1776	1719	2807
2048	1792	3327	2026	1720	2807
2303	1792	3327	2293	1724	2810
2559	1792	3327	2547	1722	2806
2815	1792	3327	2800	1720	2803
3071	1792	3327	3050	1718	2801
3327	1792	3327	3284	1721	2798
3583	1792	3327	3555	1720	2802
3839	1792	3327	3811	1720	2798
4095	1792	3327	4069	1722	2801
0	2048	3327	0	1942	2834
256	2048	3327	260	1951	2813
512	2048	3327	516	1952	2812
768	2048	3327	769	1956	2814
1024	2048	3327	1022	1958	2814
1280	2048	3327	1288	1956	2809
1536	2048	3327	1525	1957	2810
1792	2048	3327	1775	1954	2806
2048	2048	3327	2026	1958	2807
2303	2048	3327	2291	1960	2809
2559	2048	3327	2546	1958	2806
2815	2048	3327	2798	1955	2803
3071	2048	3327	3048	1953	2799
3327	2048	3327	3284	1957	2803
3583	2048	3327	3553	1956	2800
3839	2048	3327	3809	1955	2800
4095	2048	3327	4067	1958	2801
0	2303	3327	0	2194	2826
256	2303	3327	259	2207	2812
512	2303	3327	515	2209	2811
768	2303	3327	766	2207	2811
1024	2303	3327	1019	2210	2812
1280	2303	3327	1287	2211	2807
1536	2303	3327	1523	2213	2808
1792	2303	3327	1773	2209	2804
2048	2303	3327	2024	2212	2807
2303	2303	3327	2289	2214	2808
2559	2303	3327	2544	2213	2805
2815	2303	3327	2796	2209	2801
3071	2303	3327	3046	2207	2798
3327	2303	3327	3278	2208	2800
3583	2303	3327	3552	2210	2799
3839	2303	3327	3806	2209	2797
4095	2303	3327	4065	2212	2800
0	2559	3327	0	2440	2826
256	2559	3327	258	2453	2811
512	2559	3327	514	2456	2811
768	2559	3327	764	2452	2804
1024	2559	3327	1017	2455	2806
1280	2559	3327	1286	2458	2806
1536	2559	3327	1521	2457	2807
1792	2559	3327	1773	2456	2802
2048	2559	3327	2023	2460	2805
2303	2559	3327	2288	2463	2806
2559	2559	3327	2543	2460	2804
2815	2559	3327	2795	2457	2799
3071	2559	3327	3045	2455	2796
3327	2559	3327	3275	2454	2795
3583	2559	3327	3551	2458	2798
3839	2559	3327	3805	2456	2796
4095	2559	3327	4063	2458	2798
0	2815	3327	0	2673	2824
256	2815	3327	258	2687	2809
512	2815	3327	513	2690	2809
768	2815	3327	764	2689	2804
1024	2815	3327	1018	2692	2806
1280	2815	3327	1284	2692	2805
1536	2815	3327	1520	2692	2801
1792	2815	3327	1773	2692	2802
2048	2815	3327	2023	2695	2805
2303	2815	3327	2288	2698	2806
2559	2815	3327	2543	2696	2803
2815	2815	3327	2795	2693	2800
3071	2815	3327	3045	2691	2797
3327	2815	3327	3275	2690	2795
3583	2815	3327	3551	2694	2798
3839	2815	3327	3806	2693	2796
4095	2815	3327	4064	2695	2795
0	3071	3327	0	2910	2825
256	3071	3327	257	2922	2809
512	3071	3327	512	2925	2808
768	3071	3327	765	2928	2808
1024	3071	3327	1018	2930	2809
1280	3071	3327	1283	2926	2805
1536	3071	3327	1520	2930	2806
1792	3071	3327	1772	2927	2802
2048	3071	3327	2023	2930	2804
2303	3071	3327	2287	2933	2804
2559	3071	3327	2542	2932	2803
2815	3071	3327	2794	2928	2799
3071	3071	3327	3044	2926	2796
3327	3071	3327	3277	2927	2795
3583	3071	3327	3550	2928	2797
3839	3071	3327	3806	2928	2796
4095	3071	3327	4066	2932	2800
0	3327	3327	0	3145	2830
256	3327	3327	256	3156	2808
512	3327	3327	512	3160	2808
768	3327	3327	763	3160	2808
1024	3327	3327	1016	3163	2808
1280	3327	3327	1283	3162	2804
1536	3327	3327	1519	3162	2805
1792	3327	3327	1772	3162	2801
2048	3327	3327	2023	3166	2803
2303	3327	3327	2286	3167	2804
2559	3327	3327	2541	3165	2802
2815	3327	3327	2795	3164	2799
3071	3327	3327	3045	3162	2796
3327	3327	3327	3279	3164	2799
3583	3327	3327	3549	3161	2797
3839	3327	3327	3806	3162	2795
4095	3327	3327	4063	3164	2797
0	3583	3327	0	3382	2827
256	3583	3327	256	3399	2812
512	3583	3327	512	3403	2812
768	3583	3327	763	3400	2806
1024	3583	3327	1016	3404	2807
1280	3583	3327	1284	3404	2808
1536	3583	3327	1518	3403	2804
1792	3583	3327	1773	3405	2805
2048	3583	3327	2024	3409	2806
2303	3583	3327	2287	3410	2804
2559	3583	3327	2543	3408	2802
2815	3583	3327	2798	3409	2803
3071	3583	3327	3047	3405	2801
3327	3583	3327	3279	3403	2799
3583	3583	3327	3550	3404	2796
3839	3583	3327	3809	3405	2799
4095	3583	3327	4065	3406	2797
0	3839	3327	0	3624	2828
256	3839	3327	256	3637	2812
512	3839	3327	512	3640	2811
768	3839	3327	764	3644	2812
1024	3839	3327	1017	3646	2812
1280	3839	3327	1283	3644	2808
1536	3839	3327	1520	3646	2810
1792	3839	3327	1773	3646	2806
2048	3839	3327	2023	3647	2806
2303	3839	3327	2289	3653	2809
2559	3839	3327	2545	3650	2808
2815	3839	3327	2797	3647	2805
3071	3839	3327	3046	3643	2801
3327	3839	3327	3278	3642	2797
3583	3839	3327	3553	3646	2801
3839	3839	3327	3810	3645	2798
4095	3839	3327	4068	3647	2801
0	4095	3327	0	3858	2832
256	4095	3327	255	3868	2810
512	4095	3327	511	3872	2810
768	4095	3327	762	3874	2811
1024	4095	3327	1015	3876	2811
1280	4095	3327	1283	3879	2812
1536	4095	3327	1517	3875	2807
1792	4095	3327	1773	3881	2810
2048	4095	3327	2021	3878	2805
2303	4095	3327	2287	3884	2808
2559	4095	3327	2542	3880	2804
2815	4095	3327	2794	3877	2802
3071	4095	3327	3044	3874	2798
3327	4095	3327	3279	3877	2801
3583	4095	3327	3551	3878	2799
3839	4095	3327	3810	3880	2802
4095	4095	3327	4064	3878	2799
0	0	3583	1	1	3047
256	0	3583	268	2	3032
512	0	3583	526	3	3031
768	0	3583	779	3	3032
1024	0	3583	1034	4	3032
1280	0	3583	1300	4	3026
1536	0	3583	1537	5	3028
1792	0	3583	1789	5	3023
2048	0	3583	2040	5	3024
2303	0	3583	2306	6	3027
2559	0	3583	2560	6	3023
2815	0	3583	2815	7	3020
3071	0	3583	3064	7	3016
3327	0	3583	3295	8	3014
3583	0	3583	3570	8	3017
3839	0	3583	3825	8	3015
4095	0	3583	4083	9	3017
0	256	3583	0	257	3048
256	256	3583	267	260	3033
512	256	3583	525	261	3032
768	256	3583	779	262	3033
1024	256	3583	1034	263	3033
1280	256	3583	1300	263	3027
1536	256	3583	1538	264	3029
1792	256	3583	1791	264	3024
2048	256	3583	2042	264	3025
2303	256	3583	2309	266	3028
2559	256	3583	2564	265	3024
2815	256	3583	2817	265	3021
3071	256	3583	3068	265	3017
3327	256	3583	3304	266	3017
3583	256	3583	3573	266	3018
3839	256	3583	3828	266	3016
4095	256	3583	4086	267	3018
0	512	3583	0	512	3051
256	512	3583	266	516	3037
512	512	3583	524	517	3035
768	512	3583	776	517	3034
1024	512	3583	1029	517	3035
1280	512	3583	1299	518	3031
1536	512	3583	1534	518	3031
1792	512	3583	1789	519	3028
2048	512	3583	2041	521	3029
2303	512	3583	2303	520	3030
2559	512	3583	2558	519	3027
2815	512	3583	2817	521	3024
3071	512	3583	3066	520	3021
3327	512	3583	3299	520	3024
3583	512	3583	3567	520	3020
3839	512	3583	3827	521	3019
4095	512	3583	4080	521	3020
0	768	3583	0	752	3050
256	768	3583	265	757	3036
512	768	3583	523	759	3035
768	768	3583	775	757	3028
1024	768	3583	1028	759	3029
1280	768	3583	1298	760	3029
1536	768	3583	1532	759	3025
1792	768	3583	1787	760	3026
2048	768	3583	2039	762	3029
2303	768	3583	2305	763	3026
2559	768	3583	2559	762	3022
2815	768	3583	2813	761	3025
3071	768	3583	3065	761	3020
3327	768	3583	3294	761	3019
3583	768	3583	3565	760	3015
3839	768	3583	3824	761	3019
4095	768	3583	4077	761	3016
0	1024	3583	0	991	3048
256	1024	3583	264	997	3033
512	1024	3583	521	999	3032
768	1024	3583	774	1000	3028
1024	1024	3583	1027	1001	3028
1280	1024	3583	1294	1000	3028
1536	1024	3583	1531	1001	3023
1792	1024	3583	1782	1000	3023
2048	1024	3583	2033	1002	3025
2303	1024	3583	2300	1004	3028
2559	1024	3583	2554	1003	3024
2815	1024	3583	2807	1002	3020
3071	1024	3583	3059	1001	3018
3327	1024	3583	3288	1000	3015
3583	1024	3583	3563	1002	3014
3839	1024	3583	3818	1001	3015
4095	1024	3583	4077	1003	3015
0	1280	3583	0	1242	3042
256	1280	3583	263	1250	3027
512	1280	3583	520	1251	3026
768	1280	3583	771	1250	3025
1024	1280	3583	1024	1252	3025
1280	1280	3583	1292	1252	3021
1536	1280	3583	1527	1252	3021
1792	1280	3583	1780	1252	3017
2048	1280	3583	2031	1254	3019
2303	1280	3583	2297	1256	3022
2559	1280	3583	2552	1255	3018
2815	1280	3583	2805	1254	3014
3071	1280	3583	3056	1253	3013
3327	1280	3583	3286	1252	3010
3583	1280	3583	3562	1254	3013
3839	1280	3583	3816	1253	3011
4095	1280	3583	4071	1253	3013
0	1536	3583	0	1476	3040
256	1536	3583	262	1485	3025
512	1536	3583	519	1487	3025
768	1536	3583	770	1485	3019
1024	1536	3583	1024	1487	3020
1280	1536	3583	1292	1487	3020
1536	1536	3583	1526	1486	3016
1792	1536	3583	1780	1487	3016
2048	1536	3583	2030	1489	3018
2303	1536	3583	2296	1492	3020
2559	1536	3583	2551	1490	3017
2815	1536	3583	2804	1489	3014
3071	1536	3583	3054	1487	3011
3327	1536	3583	3284	1486	3009
3583	1536	3583	3561	1489	3013
3839	1536	3583	3815	1488	3010
4095	1536	3583	4068	1487	3008
0	1792	3583	0	1709	3040
256	1792	3583	261	1718	3025
512	1792	3583	518	1720	3024
768	1792	3583	770	1720	3020
1024	1792	3583	1024	1723	3020
1280	1792	3583	1291	1722	3019
1536	1792	3583	1527	1723	3017
1792	1792	3583	1778	1721	3016
2048	1792	3583	2029	1723	3017
2303	1792	3583	2295	1726	3020
2559	1792	3583	2549	1724	3016
2815	1792	3583	2802	1722	3013
3071	1792	3583	3054	1722	3010
3327	1792	3583	3287	1723	3008
3583	1792	3583	3558	1722	3012
3839	1792	3583	3814	1721	3009
4095	1792	3583	4070	1723	3007
0	2048	3583	0	1944	3039
256	2048	3583	260	1953	3022
512	2048	3583	516	1955	3021
768	2048	3583	769	1958	3021
1024	2048	3583	1024	1961	3022
1280	2048	3583	1290	1959	3018
1536	2048	3583	1526	1960	3019
1792	2048	3583	1776	1956	3014
2048	2048	3583	2028	1960	3016
2303	2048	3583	2293	1963	3019
2559	2048	3583	2548	1960	3015
2815	2048	3583	2800	1958	3011
3071	2048	3583	3052	1957	3011
3327	2048	3583	3284	1958	3011
3583	2048	3583	3557	1959	3010
3839	2048	3583	3813	1958	3008
4095	2048	3583	4071	1960	3010
0	2303	3583	0	2197	3036
256	2303	3583	260	2209	3020
512	2303	3583	515	2211	3019
768	2303	3583	767	2210	3019
1024	2303	3583	1021	2213	3020
1280	2303	3583	1288	2214	3017
1536	2303	3583	1523	2212	3016
1792	2303	3583	1775	2211	3013
2048	2303	3583	2026	2215	3016
2303	2303	3583	2292	2217	3017
2559	2303	3583	2547	2215	3014
2815	2303	3583	2799	2213	3011
3071	2303	3583	3049	2211	3008
3327	2303	3583	3280	2210	3007
3583	2303	3583	3556	2214	3009
3839	2303	3583	3811	2213	3008
4095	2303	3583	4066	2212	3008
0	2559	3583	0	2443	3033
256	2559	3583	259	2456	3019
512	2559	3583	515	2459	3019
768	2559	3583	765	2455	3013
1024	2559	3583	1019	2458	3015
1280	2559	3583	1287	2461	3016
1536	2559	3583	1521	2458	3012
1792	2559	3583	1775	2460	3012
2048	2559	3583	2025	2462	3015
2303	2559	3583	2291	2466	3016
2559	2559	3583	2546	2463	3014
2815	2559	3583	2799	2462	3011
3071	2559	3583	3049	2459	3007
3327	2559	3583	3279	2457	3005
3583	2559	3583	3555	2462	3008
3839	2559	3583	3810	2460	3006
4095	2559	3583	4063	2457	3003
0	2815	3583	0	2676	3032
256	2815	3583	258	2690	3018
512	2815	3583	514	2693	3018
768	2815	3583	765	2692	3014
1024	2815	3583	1019	2695	3015
1280	2815	3583	1286	2695	3015
1536	2815	3583	1521	2695	3012
1792	2815	3583	1774	2695	3012
2048	2815	3583	2025	2698	3014
2303	2815	3583	2290	2702	3016
2559	2815	3583	2545	2699	3013
2815	2815	3583	2798	2697	3011
3071	2815	3583	3048	2695	3007
3327	2815	3583	3278	2692	3004
3583	2815	3583	3554	2697	3008
3839	2815	3583	3809	2695	3005
4095	2815	3583	4066	2696	3003
0	3071	3583	0	2912	3033
256	3071	3583	257	2925	3018
512	3071	3583	513	2928	3017
768	3071	3583	765	2930	3018
1024	3071	3583	1019	2933	3018
1280	3071	3583	1284	2929	3014
1536	3071	3583	1522	2933	3016
1792	3071	3583	1773	2930	3011
2048	3071	3583	2024	2933	3013
2303	3071	3583	2289	2936	3015
2559	3071	3583	2544	2934	3012
2815	3071	3583	2796	2931	3008
3071	3071	3583	3047	2929	3006
3327	3071	3583	3279	2929	3004
3583	3071	3583	3553	2932	3007
3839	3071	3583	3808	2929	3004
4095	3071	3583	4068	2934	3008
0	3327	3583	0	3148	3037
256	3327	3583	257	3160	3018
512	3327	3583	513	3163	3018
768	3327	3583	764	3163	3017
1024	3327	3583	1018	3166	3018
1280	3327	3583	1284	3165	3015
1536	3327	3583	1520	3165	3014
1792	3327	3583	1773	3166	3012
2048	3327	3583	2025	3170	3013
2303	3327	3583	2288	3170	3014
2559	3327	3583	2543	3168	3012
2815	3327	3583	2797	3167	3009
3071	3327	3583	3047	3165	3006
3327	3327	3583	3282	3167	3008
3583	3327	3583	3552	3165	3006
3839	3327	3583	3810	3166	3005
4095	3327	3583	4067	3167	3007
0	3583	3583	0	3386	3038
256	3583	3583	257	3403	3022
512	3583	3583	513	3406	3022
768	3583	3583	764	3404	3017
1024	3583	3583	1017	3408	3019
1280	3583	3583	1285	3409	3019
1536	3583	3583	1520	3408	3015
1792	3583	3583	1775	3410	3016
2048	3583	3583	2026	3413	3017
2303	3583	3583	2289	3413	3015
2559	3583	3583	2545	3411	3012
2815	3583	3583	2800	3412	3014
3071	3583	3583	3050	3409	3011
3327	3583	3583	3281	3406	3008
3583	3583	3583	3553	3407	3006
3839	3583	3583	3813	3410	3009
4095	3583	3583	4068	3409	3007
0	3839	3583	0	3626	3040
256	3839	3583	256	3641	3022
512	3839	3583	512	3644	3021
768	3839	3583	764	3647	3022
1024	3839	3583	1018	3650	3022
1280	3839	3583	1285	3649	3019
1536	3839	3583	1521	3650	3019
1792	3839	3583	1775	3650	3017
2048	3839	3583	2025	3651	3016
2303	3839	3583	2291	3655	3018
2559	3839	3583	2547	3653	3016
2815	3839	3583	2799	3650	3013
3071	3839	3583	3049	3647	3010
3327	3839	3583	3281	3646	3008
3583	3839	3583	3556	3649	3010
3839	3839	3583	3814	3651	3010
4095	3839	3583	4072	3651	3011
0	4095	3583	0	3861	3043
256	4095	3583	255	3873	3021
512	4095	3583	512	3876	3020
768	4095	3583	762	3877	3019
1024	4095	3583	1016	3879	3019
1280	4095	3583	1284	3884	3021
1536	4095	3583	1518	3879	3016
1792	4095	3583	1774	3884	3018
2048	4095	3583	2023	3882	3015
2303	4095	3583	2289	3889	3018
2559	4095	3583	2545	3885	3015
2815	4095	3583	2797	3882	3011
3071	4095	3583	3048	3880	3009
3327	4095	3583	3282	3882	3010
3583	4095	3583	3555	3883	3010
3839	4095	3583	3815	3887	3012
4095	4095	3583	4069	3883	3009
0	0	3839	1	1	3257
256	0	3839	269	2	3237
512	0	3839	527	3	3235
768	0	3839	780	3	3236
1024	0	3839	1035	4	3236
1280	0	3839	1301	4	3230
1536	0	3839	1539	5	3232
1792	0	3839	1794	5	3231
2048	0	3839	2042	6	3228
2303	0	3839	2308	6	3230
2559	0	3839	2562	6	3226
2815	0	3839	2816	7	3222
3071	0	3839	3066	7	3219
3327	0	3839	3301	8	3221
3583	0	3839	3573	8	3220
3839	0	3839	3832	9	3222
4095	0	3839	4086	9	3221
0	256	3839	0	259	3258
256	256	3839	268	261	3238
512	256	3839	525	262	3236
768	256	3839	780	263	3237
1024	256	3839	1035	264	3237
1280	256	3839	1304	264	3233
1536	256	3839	1539	264	3233
1792	256	3839	1795	265	3233
2048	256	3839	2043	265	3230
2303	256	3839	2310	266	3232
2559	256	3839	2565	266	3228
2815	256	3839	2819	266	3224
3071	256	3839	3070	266	3221
3327	256	3839	3306	267	3223
3583	256	3839	3576	267	3222
3839	256	3839	3835	267	3224
4095	256	3839	4090	267	3223
0	512	3839	0	513	3259
256	512	3839	266	517	3240
512	512	3839	525	518	3239
768	512	3839	776	517	3236
1024	512	3839	1031	518	3237
1280	512	3839	1301	519	3237
1536	512	3839	1535	519	3233
1792	512	3839	1791	520	3233
2048	512	3839	2043	521	3232
2303	512	3839	2308	522	3234
2559	512	3839	2562	521	3231
2815	512	3839	2818	521	3228
3071	512	3839	3069	521	3224
3327	512	3839	3301	521	3226
3583	512	3839	3573	521	3224
3839	512	3839	3832	522	3226
4095	512	3839	4083	521	3224
0	768	3839	0	753	3256
256	768	3839	265	758	3239
512	768	3839	524	760	3238
768	768	3839	777	760	3233
1024	768	3839	1030	760	3232
1280	768	3839	1299	761	3233
1536	768	3839	1536	762	3230
1792	768	3839	1789	761	3230
2048	768	3839	2041	763	3232
2303	768	3839	2307	764	3233
2559	768	3839	2561	763	3229
2815	768	3839	2816	763	3227
3071	768	3839	3067	762	3224
3327	768	3839	3298	762	3222
3583	768	3839	3572	763	3223
3839	768	3839	3828	763	3223
4095	768	3839	4085	763	3221
0	1024	3839	0	995	3254
256	1024	3839	264	999	3236
512	1024	3839	522	1001	3235
768	1024	3839	776	1002	3234
1024	1024	3839	1029	1003	3232
1280	1024	3839	1295	1001	3230
1536	1024	3839	1533	1003	3231
1792	1024	3839	1787	1003	3227
2048	1024	3839	2035	1003	3228
2303	1024	3839	2303	1006	3231
2559	1024	3839	2557	1004	3227
2815	1024	3839	2811	1004	3224
3071	1024	3839	3062	1002	3221
3327	1024	3839	3295	1003	3219
3583	1024	3839	3567	1003	3221
3839	1024	3839	3825	1004	3220
4095	1024	3839	4081	1004	3221
0	1280	3839	0	1244	3249
256	1280	3839	263	1251	3230
512	1280	3839	520	1253	3230
768	1280	3839	773	1254	3230
1024	1280	3839	1027	1255	3230
1280	1280	3839	1293	1254	3224
1536	1280	3839	1529	1254	3225
1792	1280	3839	1783	1254	3224
2048	1280	3839	2033	1255	3223
2303	1280	3839	2300	1258	3226
2559	1280	3839	2555	1256	3222
2815	1280	3839	2808	1255	3220
3071	1280	3839	3059	1254	3217
3327	1280	3839	3289	1254	3216
3583	1280	3839	3564	1255	3217
3839	1280	3839	3820	1255	3217
4095	1280	3839	4077	1256	3217
0	1536	3839	0	1477	3244
256	1536	3839	263	1486	3228
512	1536	3839	519	1488	3228
768	1536	3839	772	1489	3227
1024	1536	3839	1026	1491	3227
1280	1536	3839	1293	1489	3223
1536	1536	3839	1529	1489	3222
1792	1536	3839	1781	1489	3220
2048	1536	3839	2032	1491	3221
2303	1536	3839	2298	1494	3224
2559	1536	3839	2554	1492	3221
2815	1536	3839	2806	1490	3217
3071	1536	3839	3057	1489	3215
3327	1536	3839	3287	1488	3212
3583	1536	3839	3563	1491	3216
3839	1536	3839	3818	1489	3213
4095	1536	3839	4074	1490	3214
0	1792	3839	0	1711	3244
256	1792	3839	262	1720	3227
512	1792	3839	518	1722	3227
768	1792	3839	771	1723	3226
1024	1792	3839	1026	1726	3227
1280	1792	3839	1293	1725	3223
1536	1792	3839	1528	1725	3223
1792	1792	3839	1781	1724	3220
2048	1792	3839	2030	1725	3220
2303	1792	3839	2297	1728	3223
2559	1792	3839	2552	1726	3220
2815	1792	3839	2805	1724	3216
3071	1792	3839	3056	1723	3214
3327	1792	3839	3290	1725	3213
3583	1792	3839	3562	1724	3215
3839	1792	3839	3820	1725	3213
4095	1792	3839	4075	1725	3213
0	2048	3839	0	1948	3245
256	2048	3839	261	1956	3225
512	2048	3839	517	1958	3225
768	2048	3839	770	1960	3225
1024	2048	3839	1025	1963	3226
1280	2048	3839	1292	1961	3223
1536	2048	3839	1528	1962	3223
1792	2048	3839	1780	1961	3221
2048	2048	3839	2029	1961	3219
2303	2048	3839	2295	1965	3222
2559	2048	3839	2550	1962	3219
2815	2048	3839	2803	1960	3216
3071	2048	3839	3055	1959	3213
3327	2048	3839	3289	1961	3215
3583	2048	3839	3560	1961	3214
3839	2048	3839	3820	1963	3215
4095	2048	3839	4075	1962	3214
0	2303	3839	0	2201	3242
256	2303	3839	260	2212	3224
512	2303	3839	516	2213	3223
768	2303	3839	769	2214	3223
1024	2303	3839	1023	2217	3224
1280	2303	3839	1290	2215	3220
1536	2303	3839	1526	2217	3221
1792	2303	3839	1778	2215	3219
2048	2303	3839	2028	2217	3219
2303	2303	3839	2294	2220	3221
2559	2303	3839	2549	2217	3218
2815	2303	3839	2802	2215	3215
3071	2303	3839	3053	2214	3212
3327	2303	3839	3287	2216	3213
3583	2303	3839	3559	2216	3213
3839	2303	3839	3817	2216	3213
4095	2303	3839	4073	2217	3212
0	2559	3839	0	2446	3239
256	2559	3839	259	2459	3223
512	2559	3839	516	2461	3223
768	2559	3839	768	2461	3221
1024	2559	3839	1021	2464	3222
1280	2559	3839	1288	2463	3219
1536	2559	3839	1524	2463	3219
1792	2559	3839	1776	2462	3216
2048	2559	3839	2027	2464	3218
2303	2559	3839	2293	2468	3220
2559	2559	3839	2548	2466	3217
2815	2559	3839	2801	2464	3214
3071	2559	3839	3051	2461	3211
3327	2559	3839	3284	2462	3211
3583	2559	3839	3559	2464	3212
3839	2559	3839	3814	2462	3209
4095	2559	3839	4071	2463	3210
0	2815	3839	0	2681	3240
256	2815	3839	259	2693	3222
512	2815	3839	515	2696	3222
768	2815	3839	767	2697	3221
1024	2815	3839	1021	2700	3222
1280	2815	3839	1287	2697	3218
1536	2815	3839	1524	2700	3218
1792	2815	3839	1776	2698	3215
2048	2815	3839	2027	2701	3217
2303	2815	3839	2292	2704	3220
2559	2815	3839	2548	2702	3216
2815	2815	3839	2800	2699	3213
3071	2815	3839	3050	2697	3210
3327	2815	3839	3283	2697	3208
3583	2815	3839	3558	2700	3211
3839	2815	3839	3812	2697	3208
4095	2815	3839	4071	2700	3210
0	3071	3839	0	2918	3244
256	3071	3839	258	2928	3221
512	3071	3839	514	2930	3221
768	3071	3839	766	2933	3222
1024	3071	3839	1020	2936	3222
1280	3071	3839	1286	2934	3219
1536	3071	3839	1523	2936	3219
1792	3071	3839	1776	2935	3216
2048	3071	3839	2026	2937	3217
2303	3071	3839	2291	2940	3219
2559	3071	3839	2546	2937	3216
2815	3071	3839	2798	2934	3212
3071	3071	3839	3051	2934	3210
3327	3071	3839	3285	2935	3211
3583	3071	3839	3556	2934	3210
3839	3071	3839	3813	2934	3209
4095	3071	3839	4071	2936	3211
0	3327	3839	0	3152	3246
256	3327	3839	257	3164	3223
512	3327	3839	513	3167	3223
768	3327	3839	765	3167	3221
1024	3327	3839	1018	3169	3221
1280	3327	3839	1287	3171	3222
1536	3327	3839	1522	3169	3218
1792	3327	3839	1777	3172	3219
2048	3327	3839	2027	3173	3218
2303	3327	3839	2292	3175	3220
2559	3327	3839	2547	3173	3217
2815	3327	3839	2800	3171	3214
3071	3327	3839	3053	3171	3214
3327	3327	3839	3286	3171	3213
3583	3327	3839	3557	3170	3211
3839	3327	3839	3815	3171	3212
4095	3327	3839	4071	3170	3211
0	3583	3839	0	3392	3248
256	3583	3839	257	3407	3226
512	3583	3839	513	3410	3226
768	3583	3839	765	3409	3223
1024	3583	3839	1019	3412	3223
1280	3583	3839	1286	3412	3223
1536	3583	3839	1522	3412	3220
1792	3583	3839	1777	3413	3220
2048	3583	3839	2028	3417	3221
2303	3583	3839	2293	3420	3223
2559	3583	3839	2549	3417	3219
2815	3583	3839	2802	3416	3218
3071	3583	3839	3053	3413	3215
3327	3583	3839	3287	3413	3214
3583	3583	3839	3559	3414	3214
3839	3583	3839	3818	3415	3215
4095	3583	3839	4073	3413	3212
0	3839	3839	0	3634	3251
256	3839	3839	256	3646	3227
512	3839	3839	513	3649	3227
768	3839	3839	765	3651	3225
1024	3839	3839	1019	3654	3226
1280	3839	3839	1286	3652	3224
1536	3839	3839	1523	3653	3223
1792	3839	3839	1776	3653	3221
2048	3839	3839	2028	3657	3222
2303	3839	3839	2293	3660	3224
2559	3839	3839	2548	3656	3219
2815	3839	3839	2802	3654	3218
3071	3839	3839	3053	3652	3215
3327	3839	3839	3287	3654	3216
3583	3839	3839	3559	3653	3215
3839	3839	3839	3821	3657	3217
4095	3839	3839	4076	3656	3215
0	4095	3839	0	3866	3250
256	4095	3839	256	3880	3227
512	4095	3839	512	3884	3227
768	4095	3839	764	3883	3224
1024	4095	3839	1017	3884	3223
1280	4095	3839	1286	3889	3225
1536	4095	3839	1521	3885	3221
1792	4095	3839	1776	3888	3221
2048	4095	3839	2027	3891	3221
2303	4095	3839	2292	3894	3222
2559	4095	3839	2547	3889	3218
2815	4095	3839	2802	3890	3217
3071	4095	3839	3053	3888	3215
3327	4095	3839	3286	3887	3214
3583	4095	3839	3558	3888	3214
3839	4095	3839	3819	3891	3215
4095	4095	3839	4074	3889	3214
0	0	4095	1	2	3473
256	0	4095	270	2	3451
512	0	4095	528	3	3449
768	0	4095	782	3	3447
1024	0	4095	1036	4	3447
1280	0	4095	1305	5	3444
1536	0	4095	1540	5	3442
1792	0	4095	1798	5	3444
2048	0	4095	2047	6	3443
2303	0	4095	2311	6	3441
2559	0	4095	2566	6	3438
2815	0	4095	2821	7	3436
3071	0	4095	3073	7	3433
3327	0	4095	3307	8	3435
3583	0	4095	3577	8	3431
3839	0	4095	3838	9	3436
4095	0	4095	4091	9	3432
0	256	4095	0	260	3475
256	256	4095	268	262	3452
512	256	4095	527	263	3451
768	256	4095	781	263	3449
1024	256	4095	1036	264	3449
1280	256	4095	1307	265	3449
1536	256	4095	1541	265	3444
1792	256	4095	1798	266	3446
2048	256	4095	2048	266	3445
2303	256	4095	2315	267	3445
2559	256	4095	2570	267	3442
2815	256	4095	2824	267	3439
3071	256	4095	3076	267	3436
3327	256	4095	3309	267	3437
3583	256	4095	3580	267	3434
3839	256	4095	3842	268	3439
4095	256	4095	4095	268	3435
0	512	4095	0	514	3472
256	512	4095	267	518	3452
512	512	4095	525	519	3451
768	512	4095	779	519	3449
1024	512	4095	1033	520	3449
1280	512	4095	1302	520	3448
1536	512	4095	1537	520	3444
1792	512	4095	1793	521	3445
2048	512	4095	2045	522	3445
2303	512	4095	2312	523	3447
2559	512	4095	2567	523	3444
2815	512	4095	2820	522	3440
3071	512	4095	3072	522	3437
3327	512	4095	3306	522	3437
3583	512	4095	3578	523	3436
3839	512	4095	3835	523	3438
4095	512	4095	4090	523	3436
0	768	4095	0	756	3470
256	768	4095	266	759	3450
512	768	4095	525	761	3449
768	768	4095	779	762	3448
1024	768	4095	1032	762	3446
1280	768	4095	1302	763	3445
1536	768	4095	1538	764	3444
1792	768	4095	1793	764	3442
2048	768	4095	2043	764	3443
2303	768	4095	2310	766	3445
2559	768	4095	2565	765	3441
2815	768	4095	2819	764	3438
3071	768	4095	3071	764	3435
3327	768	4095	3304	764	3435
3583	768	4095	3578	765	3436
3839	768	4095	3835	765	3435
4095	768	4095	4091	765	3435
0	1024	4095	0	997	3468
256	1024	4095	265	1001	3446
512	1024	4095	523	1003	3446
768	1024	4095	777	1004	3445
1024	1024	4095	1030	1004	3443
1280	1024	4095	1298	1004	3442
1536	1024	4095	1535	1004	3441
1792	1024	4095	1790	1006	3441
2048	1024	4095	2039	1006	3440
2303	1024	4095	2305	1007	3441
2559	1024	4095	2559	1006	3437
2815	1024	4095	2816	1006	3436
3071	1024	4095	3067	1005	3433
3327	1024	4095	3300	1006	3433
3583	1024	4095	3571	1005	3432
3839	1024	4095	3832	1007	3434
4095	1024	4095	4085	1006	3432
0	1280	4095	0	1247	3461
256	1280	4095	264	1253	3441
512	1280	4095	521	1255	3441
768	1280	4095	775	1256	3440
1024	1280	4095	1029	1257	3440
1280	1280	4095	1296	1257	3438
1536	1280	4095	1532	1256	3436
1792	1280	4095	1787	1258	3436
2048	1280	4095	2035	1257	3435
2303	1280	4095	2302	1260	3436
2559	1280	4095	2557	1258	3433
2815	1280	4095	2811	1257	3431
3071	1280	4095	3064	1257	3430
3327	1280	4095	3295	1256	3428
3583	1280	4095	3567	1257	3427
3839	1280	4095	3827	1258	3429
4095	1280	4095	4082	1259	3428
0	1536	4095	0	1481	3457
256	1536	4095	263	1488	3438
512	1536	4095	520	1490	3438
768	1536	4095	774	1492	3439
1024	1536	4095	1028	1494	3439
1280	1536	4095	1295	1493	3437
1536	1536	4095	1531	1492	3435
1792	1536	4095	1785	1492	3433
2048	1536	4095	2034	1493	3432
2303	1536	4095	2300	1495	3435
2559	1536	4095	2556	1494	3432
2815	1536	4095	2809	1492	3428
3071	1536	4095	3063	1493	3428
3327	1536	4095	3293	1491	3425
3583	1536	4095	3566	1492	3426
3839	1536	4095	3824	1493	3426
4095	1536	4095	4081	1493	3427
0	1792	4095	0	1715	3458
256	1792	4095	263	1724	3439
512	1792	4095	520	1725	3438
768	1792	4095	773	1726	3437
1024	1792	4095	1027	1729	3438
1280	1792	4095	1296	1729	3437
1536	1792	4095	1530	1727	3434
1792	1792	4095	1784	1728	3433
2048	1792	4095	2034	1729	3433
2303	1792	4095	2301	1732	3436
2559	1792	4095	2556	1729	3433
2815	1792	4095	2809	1727	3428
3071	1792	4095	3061	1727	3427
3327	1792	4095	3294	1727	3426
3583	1792	4095	3567	1728	3426
3839	1792	4095	3826	1729	3427
4095	1792	4095	4080	1728	3425
0	2048	4095	0	1952	3458
256	2048	4095	262	1961	3439
512	2048	4095	519	1963	3438
768	2048	4095	771	1962	3435
1024	2048	4095	1026	1965	3437
1280	2048	4095	1294	1966	3436
1536	2048	4095	1529	1964	3433
1792	2048	4095	1784	1965	3434
2048	2048	4095	2033	1966	3433
2303	2048	4095	2298	1968	3434
2559	2048	4095	2553	1965	3430
2815	2048	4095	2808	1964	3429
3071	2048	4095	3059	1963	3426
3327	2048	4095	3293	1965	3426
3583	2048	4095	3564	1964	3425
3839	2048	4095	3825	1966	3427
4095	2048	4095	4079	1964	3424
0	2303	4095	0	2205	3456
256	2303	4095	260	2214	3436
512	2303	4095	517	2217	3436
768	2303	4095	770	2217	3434
1024	2303	4095	1024	2220	3436
1280	2303	4095	1293	2221	3434
1536	2303	4095	1528	2220	3432
1792	2303	4095	1781	2220	3432
2048	2303	4095	2030	2219	3430
2303	2303	4095	2296	2222	3432
2559	2303	4095	2551	2219	3428
2815	2303	4095	2805	2218	3426
3071	2303	4095	3058	2219	3425
3327	2303	4095	3292	2220	3425
3583	2303	4095	3562	2218	3423
3839	2303	4095	3822	2220	3425
4095	2303	4095	4078	2220	3424
0	2559	4095	0	2451	3456
256	2559	4095	260	2461	3433
512	2559	4095	516	2463	3433
768	2559	4095	769	2466	3434
1024	2559	4095	1023	2468	3435
1280	2559	4095	1291	2468	3433
1536	2559	4095	1527	2468	3432
1792	2559	4095	1780	2468	3430
2048	2559	4095	2029	2467	3428
2303	2559	4095	2295	2471	3431
2559	2559	4095	2551	2468	3428
2815	2559	4095	2803	2465	3424
3071	2559	4095	3057	2467	3424
3327	2559	4095	3290	2467	3423
3583	2559	4095	3562	2467	3423
3839	2559	4095	3820	2467	3423
4095	2559	4095	4077	2469	3424
0	2815	4095	0	2687	3459
256	2815	4095	259	2697	3434
512	2815	4095	516	2699	3433
768	2815	4095	768	2701	3433
1024	2815	4095	1022	2703	3433
1280	2815	4095	1289	2703	3431
1536	2815	4095	1526	2704	3431
1792	2815	4095	1780	2704	3429
2048	2815	4095	2030	2705	3430
2303	2815	4095	2294	2707	3430
2559	2815	4095	2550	2704	3427
2815	2815	4095	2803	2703	3425
3071	2815	4095	3055	2702	3423
3327	2815	4095	3289	2703	3423
3583	2815	4095	3561	2702	3422
3839	2815	4095	3819	2703	3422
4095	2815	4095	4076	2704	3422
0	3071	4095	0	2923	3461
256	3071	4095	259	2934	3435
512	3071	4095	515	2936	3435
768	3071	4095	767	2936	3432
1024	3071	4095	1021	2938	3433
1280	3071	4095	1288	2939	3432
1536	3071	4095	1525	2939	3430
1792	3071	4095	1780	2941	3430
2048	3071	4095	2030	2943	3431
2303	3071	4095	2294	2944	3431
2559	3071	4095	2549	2941	3427
2815	3071	4095	2804	2940	3426
3071	3071	4095	3056	2939	3425
3327	3071	4095	3289	2939	3423
3583	3071	4095	3561	2938	3422
3839	3071	4095	3819	2940	3423
4095	3071	4095	4075	2939	3421
0	3327	4095	0	3156	3460
256	3327	4095	258	3169	3436
512	3327	4095	514	3172	3435
768	3327	4095	766	3171	3433
1024	3327	4095	1020	3174	3434
1280	3327	4095	1288	3175	3434
1536	3327	4095	1524	3174	3431
1792	3327	4095	1779	3176	3431
2048	3327	4095	2030	3178	3431
2303	3327	4095	2296	3181	3434
2559	3327	4095	2551	3178	3430
2815	3327	4095	2804	3175	3427
3071	3327	4095	3057	3175	3426
3327	3327	4095	3290	3174	3425
3583	3327	4095	3563	3175	3426
3839	3327	4095	3820	3175	3424
4095	3327	4095	4076	3174	3423
0	3583	4095	0	3397	3463
256	3583	4095	258	3411	3438
512	3583	4095	514	3415	3438
768	3583	4095	767	3415	3436
1024	3583	4095	1020	3418	3437
1280	3583	4095	1288	3417	3435
1536	3583	4095	1524	3417	3433
1792	3583	4095	1779	3418	3432
2048	3583	4095	2031	3423	3435
2303	3583	4095	2296	3425	3435
2559	3583	4095	2552	3421	3431
2815	3583	4095	2805	3420	3430
3071	3583	4095	3057	3418	3427
3327	3583	4095	3292	3420	3428
3583	3583	4095	3564	3419	3427
3839	3583	4095	3822	3419	3428
4095	3583	4095	4079	3419	3426
0	3839	4095	0	3640	3466
256	3839	4095	257	3653	3441
512	3839	4095	514	3657	3441
768	3839	4095	767	3656	3438
1024	3839	4095	1020	3658	3437
1280	3839	4095	1288	3658	3437
1536	3839	4095	1525	3658	3435
1792	3839	4095	1779	3659	3434
2048	3839	4095	2032	3665	3437
2303	3839	4095	2296	3665	3436
2559	3839	4095	2551	3660	3431
2815	3839	4095	2806	3661	3431
3071	3839	4095	3058	3659	3430
3327	3839	4095	3292	3659	3428
3583	3839	4095	3564	3658	3428
3839	3839	4095	3825	3662	3430
4095	3839	4095	4081	3661	3429
0	4095	4095	0	3870	3463
256	4095	4095	256	3886	3438
512	4095	4095	514	3890	3438
768	4095	4095	766	3891	3437
1024	4095	4095	1019	3890	3434
1280	4095	4095	1288	3894	3436
1536	4095	4095	1524	3893	3434
1792	4095	4095	1778	3893	3432
2048	4095	4095	2030	3897	3433
2303	4095	4095	2295	3900	3434
2559	4095	4095	2550	3895	3430
2815	4095	4095	2805	3895	3429
3071	4095	4095	3057	3893	3427
3327	4095	4095	3290	3892	3425
3583	4095	4095	3563	3894	3426
3839	4095	4095	3823	3895	3427
4095	4095	4095	4081	3896	3427
